sed,id_sed
SED00001,0
SED00002,1
SED00003,2
SED00004,3
SED00005,4
SED00006,5
SED00007,6
SED00008,7
SED00009,8
SED00010,9
SED00011,10
SED00012,11
SED00013,12
SED00014,13
SED00015,14
SED00016,15
SED00017,16
SED00018,17
SED00019,18
SED00020,19
SED00021,20
SED00022,21
SED00023,22
SED00024,23
SED00025,24
SED00026,25
SED00027,26
SED00028,27
SED00029,28
SED00030,29
SED00031,30
SED00032,31
SED00033,32
SED00034,33
SED00035,34
SED00036,35
SED00037,36
SED00038,37
SED00039,38
SED00040,39
SED00041,40
SED00042,41
SED00043,42
SED00044,43
SED00045,44
SED00046,45
SED00047,46
SED00048,47
SED00049,48
SED00050,49
SED00051,50
SED00052,51
SED00053,52
SED00054,53
SED00055,54
SED00056,55
SED00057,56
SED00058,57
SED00059,58
SED00060,59
SED00061,60
SED00062,61
SED00063,62
SED00064,63
SED00065,64
SED00066,65
SED00067,66
SED00068,67
SED00069,68
SED00070,69
SED00071,70
SED00072,71
SED00073,72
SED00074,73
SED00075,74
SED00076,75
SED00077,76
SED00078,77
SED00079,78
SED00080,79
SED00081,80
SED00082,81
SED00083,82
SED00084,83
SED00085,84
SED00086,85
SED00087,86
SED00088,87
SED00089,88
SED00090,89
SED00091,90
SED00092,91
SED00093,92
SED00094,93
SED00095,94
SED00096,95
SED00097,96
SED00098,97
SED00099,98
SED00100,99
SED00101,100
SED00102,101
SED00103,102
SED00104,103
SED00105,104
SED00106,105
SED00107,106
SED00108,107
SED00109,108
SED00110,109
SED00111,110
SED00112,111
SED00113,112
SED00114,113
SED00115,114
SED00116,115
SED00117,116
SED00118,117
SED00119,118
SED00120,119
SED00121,120
SED00122,121
SED00123,122
SED00124,123
SED00125,124
SED00126,125
SED00127,126
SED00128,127
SED00129,128
SED00130,129
SED00131,130
SED00132,131
SED00133,132
SED00134,133
SED00135,134
SED00136,135
SED00137,136
SED00138,137
SED00139,138
SED00140,139
SED00141,140
SED00142,141
SED00143,142
SED00144,143
SED00145,144
SED00146,145
SED00147,146
SED00148,147
SED00149,148
SED00150,149
SED00151,150
SED00152,151
SED00153,152
SED00154,153
SED00155,154
SED00156,155
SED00157,156
SED00158,157
SED00159,158
SED00160,159
SED00161,160
SED00162,161
SED00163,162
SED00164,163
SED00165,164
SED00166,165
SED00167,166
SED00168,167
SED00169,168
SED00170,169
SED00171,170
SED00172,171
SED00173,172
SED00174,173
SED00175,174
SED00176,175
SED00177,176
SED00178,177
SED00179,178
SED00180,179
SED00181,180
SED00182,181
SED00183,182
SED00184,183
SED00185,184
SED00186,185
SED00187,186
SED00188,187
SED00189,188
SED00190,189
SED00191,190
SED00192,191
SED00193,192
SED00194,193
SED00195,194
SED00196,195
SED00197,196
SED00198,197
SED00199,198
SED00200,199
SED00201,200
SED00202,201
SED00203,202
SED00204,203
SED00205,204
SED00206,205
SED00207,206
SED00208,207
SED00209,208
SED00210,209
SED00211,210
SED00212,211
SED00213,212
SED00214,213
SED00215,214
SED00216,215
SED00217,216
SED00218,217
SED00219,218
SED00220,219
SED00221,220
SED00222,221
SED00223,222
SED00224,223
SED00225,224
SED00226,225
SED00227,226
SED00228,227
SED00229,228
SED00230,229
SED00231,230
SED00232,231
SED00233,232
SED00234,233
SED00235,234
SED00236,235
SED00237,236
SED00238,237
SED00239,238
SED00240,239
SED00241,240
SED00242,241
SED00243,242
SED00244,243
SED00245,244
SED00246,245
SED00247,246
SED00248,247
SED00249,248
SED00250,249
SED00251,250
SED00252,251
SED00253,252
SED00254,253
SED00255,254
SED00256,255
SED00257,256
SED00258,257
SED00259,258
SED00260,259
SED00261,260
SED00262,261
SED00263,262
SED00264,263
SED00265,264
SED00266,265
SED00267,266
SED00268,267
SED00269,268
SED00270,269
SED00271,270
SED00272,271
SED00273,272
SED00274,273
SED00275,274
SED00276,275
SED00277,276
SED00278,277
SED00279,278
SED00280,279
SED00281,280
SED00282,281
SED00283,282
SED00284,283
SED00285,284
SED00286,285
SED00287,286
SED00288,287
SED00289,288
SED00290,289
SED00291,290
SED00292,291
SED00293,292
SED00294,293
SED00295,294
SED00296,295
SED00297,296
SED00298,297
SED00299,298
SED00300,299
SED00301,300
SED00302,301
SED00303,302
SED00304,303
SED00305,304
SED00306,305
SED00307,306
SED00308,307
SED00309,308
SED00310,309
SED00311,310
SED00312,311
SED00313,312
SED00314,313
SED00315,314
SED00316,315
SED00317,316
SED00318,317
SED00319,318
SED00320,319
SED00321,320
SED00322,321
SED00323,322
SED00324,323
SED00325,324
SED00326,325
SED00327,326
SED00328,327
SED00329,328
SED00330,329
SED00331,330
SED00332,331
SED00333,332
SED00334,333
SED00335,334
SED00336,335
SED00337,336
SED00338,337
SED00339,338
SED00340,339
SED00341,340
SED00342,341
SED00343,342
SED00344,343
SED00345,344
SED00346,345
SED00347,346
SED00348,347
SED00349,348
SED00350,349
SED00351,350
SED00352,351
SED00353,352
SED00354,353
SED00355,354
SED00356,355
SED00357,356
SED00358,357
SED00359,358
SED00360,359
SED00361,360
SED00362,361
SED00363,362
SED00364,363
SED00365,364
SED00366,365
SED00367,366
SED00368,367
SED00369,368
SED00370,369
SED00371,370
SED00372,371
SED00373,372
SED00374,373
SED00375,374
SED00376,375
SED00377,376
SED00378,377
SED00379,378
SED00380,379
SED00381,380
SED00382,381
SED00383,382
SED00384,383
SED00385,384
SED00386,385
SED00387,386
SED00388,387
SED00389,388
SED00390,389
SED00391,390
SED00392,391
SED00393,392
SED00394,393
SED00395,394
SED00396,395
SED00397,396
SED00398,397
SED00399,398
SED00400,399
SED00401,400
SED00402,401
SED00403,402
SED00404,403
SED00405,404
SED00406,405
SED00407,406
SED00408,407
SED00409,408
SED00410,409
SED00411,410
SED00412,411
SED00413,412
SED00414,413
SED00415,414
SED00416,415
SED00417,416
SED00418,417
SED00419,418
SED00420,419
SED00421,420
SED00422,421
SED00423,422
SED00424,423
SED00425,424
SED00426,425
SED00427,426
SED00428,427
SED00429,428
SED00430,429
SED00431,430
SED00432,431
SED00433,432
SED00434,433
SED00435,434
SED00436,435
SED00437,436
SED00438,437
SED00439,438
SED00440,439
SED00441,440
SED00442,441
SED00443,442
SED00444,443
SED00445,444
SED00446,445
SED00447,446
SED00448,447
SED00449,448
SED00450,449
SED00451,450
SED00452,451
SED00453,452
SED00454,453
SED00455,454
SED00456,455
SED00457,456
SED00458,457
SED00459,458
SED00460,459
SED00461,460
SED00462,461
SED00463,462
SED00464,463
SED00465,464
SED00466,465
SED00467,466
SED00468,467
SED00469,468
SED00470,469
SED00471,470
SED00472,471
SED00473,472
SED00474,473
SED00475,474
SED00476,475
SED00477,476
SED00478,477
SED00479,478
SED00480,479
SED00481,480
SED00482,481
SED00483,482
SED00484,483
SED00485,484
SED00486,485
SED00487,486
SED00488,487
SED00489,488
SED00490,489
SED00491,490
SED00492,491
SED00493,492
SED00494,493
SED00495,494
SED00496,495
SED00497,496
SED00498,497
SED00499,498
SED00500,499
SED00501,500
SED00502,501
SED00503,502
SED00504,503
SED00505,504
SED00506,505
SED00507,506
SED00508,507
SED00509,508
SED00510,509
SED00511,510
SED00512,511
SED00513,512
SED00514,513
SED00515,514
SED00516,515
SED00517,516
SED00518,517
SED00519,518
SED00520,519
SED00521,520
SED00522,521
SED00523,522
SED00524,523
SED00525,524
SED00526,525
SED00527,526
SED00528,527
SED00529,528
SED00530,529
SED00531,530
SED00532,531
SED00533,532
SED00534,533
SED00535,534
SED00536,535
SED00537,536
SED00538,537
SED00539,538
SED00540,539
SED00541,540
SED00542,541
SED00543,542
SED00544,543
SED00545,544
SED00546,545
SED00547,546
SED00548,547
SED00549,548
SED00550,549
SED00551,550
SED00552,551
SED00553,552
SED00554,553
SED00555,554
SED00556,555
SED00557,556
SED00558,557
SED00559,558
SED00560,559
SED00561,560
SED00562,561
SED00563,562
SED00564,563
SED00565,564
SED00566,565
SED00567,566
SED00568,567
SED00569,568
SED00570,569
SED00571,570
SED00572,571
SED00573,572
SED00574,573
SED00575,574
SED00576,575
SED00577,576
SED00578,577
SED00579,578
SED00580,579
SED00581,580
SED00582,581
SED00583,582
SED00584,583
SED00585,584
SED00586,585
SED00587,586
SED00588,587
SED00589,588
SED00590,589
SED00591,590
SED00592,591
SED00593,592
SED00594,593
SED00595,594
SED00596,595
SED00597,596
SED00598,597
SED00599,598
SED00600,599
