alimentador,sector,zona,id_ali_sector_zona
A0075,sec3,zona8,0
A0105,sec6,zona3,1
A0190,sec2,zona6,2
A0175,sec1,zona5,3
A0196,sec10,zona8,4
A0076,sec10,zona1,5
A0048,sec1,zona7,6
A0152,sec2,zona2,7
A0042,sec4,zona8,8
A0234,sec5,zona3,9
A0213,sec5,zona8,10
A0119,sec3,zona1,11
A0054,sec1,zona3,12
A0103,sec6,zona1,13
A0206,sec8,zona7,14
A0068,sec8,zona5,15
A0182,sec4,zona4,16
A0166,sec8,zona7,17
A0066,sec9,zona5,18
A0015,sec7,zona7,19
A0189,sec7,zona6,20
A0198,sec5,zona4,21
A0106,sec4,zona1,22
A0126,sec9,zona2,23
A0219,sec7,zona2,24
A0158,sec2,zona1,25
A0184,sec4,zona4,26
A0063,sec1,zona5,27
A0122,sec10,zona8,28
A0168,sec9,zona4,29
A0113,sec9,zona6,30
A0155,sec1,zona3,31
A0071,sec1,zona6,32
A0200,sec7,zona7,33
A0025,sec6,zona7,34
A0178,sec9,zona5,35
A0146,sec3,zona2,36
A0098,sec10,zona3,37
A0099,sec1,zona1,38
A0195,sec8,zona6,39
A0100,sec9,zona6,40
A0058,sec5,zona7,41
A0076,sec9,zona5,42
A0204,sec7,zona8,43
A0063,sec4,zona4,44
A0229,sec3,zona3,45
A0085,sec7,zona6,46
A0218,sec7,zona3,47
A0018,sec10,zona4,48
A0205,sec10,zona7,49
A0166,sec5,zona3,50
A0206,sec2,zona4,51
A0198,sec6,zona7,52
A0132,sec5,zona6,53
A0175,sec7,zona4,54
A0163,sec7,zona1,55
A0171,sec2,zona1,56
A0092,sec2,zona2,57
A0202,sec1,zona4,58
A0197,sec6,zona2,59
A0085,sec8,zona7,60
A0176,sec1,zona3,61
A0103,sec10,zona2,62
A0079,sec10,zona7,63
A0110,sec5,zona2,64
A0075,sec4,zona1,65
A0170,sec2,zona7,66
A0025,sec4,zona2,67
A0210,sec7,zona4,68
A0233,sec3,zona2,69
A0218,sec8,zona3,70
A0091,sec3,zona1,71
A0007,sec5,zona8,72
A0083,sec2,zona5,73
A0115,sec3,zona8,74
A0182,sec10,zona3,75
A0051,sec7,zona5,76
A0084,sec2,zona2,77
A0028,sec5,zona4,78
A0225,sec8,zona2,79
A0197,sec10,zona1,80
A0170,sec6,zona2,81
A0180,sec4,zona5,82
A0060,sec10,zona6,83
A0079,sec5,zona8,84
A0205,sec6,zona8,85
A0140,sec8,zona3,86
A0144,sec7,zona7,87
A0032,sec1,zona7,88
A0123,sec3,zona6,89
A0026,sec9,zona8,90
A0129,sec4,zona7,91
A0065,sec5,zona1,92
A0201,sec2,zona2,93
A0120,sec6,zona2,94
A0029,sec8,zona2,95
A0096,sec7,zona8,96
A0028,sec1,zona1,97
A0203,sec2,zona7,98
A0108,sec9,zona6,99
A0190,sec6,zona8,100
A0122,sec8,zona7,101
A0142,sec3,zona5,102
A0232,sec8,zona5,103
A0153,sec9,zona8,104
A0133,sec2,zona6,105
A0151,sec2,zona2,106
A0239,sec10,zona3,107
A0217,sec9,zona4,108
A0008,sec9,zona1,109
A0125,sec4,zona7,110
A0231,sec4,zona6,111
A0014,sec10,zona7,112
A0099,sec2,zona3,113
A0127,sec8,zona8,114
A0202,sec10,zona8,115
A0159,sec4,zona6,116
A0020,sec1,zona6,117
A0109,sec6,zona7,118
A0125,sec7,zona3,119
A0173,sec5,zona8,120
A0001,sec5,zona5,121
A0019,sec3,zona5,122
A0145,sec5,zona3,123
A0174,sec9,zona3,124
A0022,sec8,zona3,125
A0117,sec10,zona3,126
A0053,sec6,zona2,127
A0214,sec2,zona6,128
A0107,sec8,zona5,129
A0153,sec1,zona7,130
A0108,sec3,zona6,131
A0169,sec7,zona1,132
A0191,sec7,zona5,133
A0013,sec4,zona8,134
A0086,sec6,zona2,135
A0081,sec10,zona3,136
A0208,sec2,zona7,137
A0214,sec4,zona3,138
A0020,sec9,zona3,139
A0181,sec7,zona4,140
A0196,sec6,zona1,141
A0229,sec1,zona2,142
A0070,sec5,zona2,143
A0094,sec7,zona4,144
A0174,sec8,zona1,145
A0137,sec6,zona8,146
A0230,sec9,zona5,147
A0159,sec8,zona5,148
A0046,sec6,zona7,149
A0044,sec5,zona2,150
A0193,sec7,zona3,151
A0011,sec8,zona4,152
A0148,sec7,zona2,153
A0186,sec9,zona2,154
A0150,sec4,zona2,155
A0034,sec9,zona1,156
A0055,sec6,zona3,157
A0002,sec9,zona3,158
A0001,sec9,zona3,159
A0009,sec8,zona7,160
A0219,sec4,zona3,161
A0033,sec3,zona3,162
A0036,sec4,zona1,163
A0033,sec1,zona1,164
A0044,sec6,zona2,165
A0049,sec5,zona3,166
A0172,sec9,zona8,167
A0040,sec9,zona7,168
A0098,sec6,zona8,169
A0165,sec5,zona2,170
A0105,sec2,zona6,171
A0047,sec4,zona1,172
A0204,sec8,zona1,173
A0186,sec6,zona1,174
A0058,sec6,zona6,175
A0235,sec8,zona4,176
A0084,sec1,zona8,177
A0224,sec2,zona8,178
A0104,sec7,zona2,179
A0177,sec10,zona1,180
A0179,sec7,zona8,181
A0114,sec8,zona6,182
A0194,sec5,zona2,183
A0116,sec3,zona5,184
A0016,sec10,zona2,185
A0183,sec8,zona7,186
A0135,sec1,zona7,187
A0064,sec10,zona6,188
A0226,sec3,zona4,189
A0188,sec1,zona2,190
A0010,sec4,zona7,191
A0106,sec8,zona4,192
A0100,sec6,zona3,193
A0057,sec7,zona8,194
A0034,sec3,zona1,195
A0090,sec8,zona4,196
A0184,sec7,zona2,197
A0005,sec1,zona4,198
A0004,sec1,zona6,199
A0150,sec8,zona2,200
A0163,sec9,zona2,201
A0223,sec10,zona7,202
A0212,sec5,zona3,203
A0151,sec8,zona2,204
A0216,sec1,zona8,205
A0036,sec3,zona3,206
A0073,sec2,zona6,207
A0225,sec10,zona2,208
A0027,sec1,zona7,209
A0069,sec2,zona8,210
A0134,sec1,zona1,211
A0137,sec8,zona5,212
A0132,sec9,zona1,213
A0055,sec4,zona8,214
A0081,sec1,zona2,215
A0059,sec6,zona7,216
A0220,sec7,zona3,217
A0239,sec7,zona6,218
A0003,sec9,zona5,219
A0095,sec4,zona6,220
A0209,sec9,zona4,221
A0212,sec8,zona2,222
A0043,sec9,zona7,223
A0121,sec5,zona8,224
A0041,sec10,zona2,225
A0091,sec4,zona5,226
A0165,sec2,zona5,227
A0003,sec2,zona5,228
A0162,sec1,zona6,229
A0078,sec5,zona7,230
A0237,sec3,zona8,231
A0215,sec8,zona4,232
A0128,sec9,zona1,233
A0185,sec3,zona6,234
A0189,sec8,zona2,235
A0101,sec2,zona5,236
A0090,sec5,zona6,237
A0215,sec4,zona2,238
A0082,sec9,zona6,239
A0039,sec10,zona4,240
A0124,sec9,zona6,241
A0111,sec8,zona5,242
A0162,sec3,zona7,243
A0097,sec2,zona6,244
A0161,sec4,zona8,245
A0021,sec4,zona4,246
A0210,sec5,zona4,247
A0143,sec9,zona3,248
A0167,sec6,zona1,249
A0017,sec7,zona4,250
A0207,sec5,zona4,251
A0064,sec1,zona7,252
A0140,sec5,zona5,253
A0155,sec8,zona7,254
A0072,sec3,zona4,255
A0104,sec3,zona7,256
A0116,sec8,zona3,257
A0192,sec4,zona8,258
A0107,sec1,zona8,259
A0023,sec8,zona5,260
A0078,sec3,zona8,261
A0154,sec6,zona5,262
A0156,sec9,zona2,263
A0067,sec8,zona8,264
A0043,sec10,zona8,265
A0222,sec10,zona5,266
A0017,sec8,zona4,267
A0052,sec1,zona6,268
A0127,sec7,zona6,269
A0089,sec4,zona8,270
A0038,sec5,zona5,271
A0074,sec6,zona8,272
A0176,sec4,zona6,273
A0068,sec2,zona1,274
A0024,sec5,zona4,275
A0181,sec6,zona1,276
A0050,sec6,zona8,277
A0087,sec10,zona5,278
A0221,sec6,zona5,279
A0157,sec9,zona5,280
A0118,sec2,zona7,281
A0183,sec10,zona4,282
A0088,sec2,zona1,283
A0045,sec2,zona2,284
A0073,sec3,zona5,285
A0005,sec7,zona6,286
A0223,sec5,zona3,287
A0006,sec3,zona2,288
A0211,sec1,zona3,289
A0177,sec6,zona7,290
A0019,sec5,zona1,291
A0110,sec3,zona5,292
A0067,sec2,zona4,293
A0164,sec2,zona2,294
A0185,sec5,zona8,295
A0160,sec3,zona4,296
A0039,sec1,zona8,297
A0080,sec9,zona5,298
A0035,sec7,zona7,299
A0156,sec10,zona4,300
A0168,sec6,zona4,301
A0062,sec1,zona3,302
A0032,sec3,zona3,303
A0227,sec2,zona1,304
A0089,sec2,zona8,305
A0101,sec7,zona6,306
A0057,sec4,zona5,307
A0120,sec3,zona2,308
A0059,sec1,zona3,309
A0061,sec9,zona7,310
A0138,sec9,zona8,311
A0187,sec7,zona6,312
A0152,sec1,zona4,313
A0056,sec10,zona4,314
A0171,sec6,zona1,315
A0209,sec5,zona8,316
A0024,sec2,zona8,317
A0133,sec9,zona2,318
A0173,sec6,zona6,319
