alimentador,id_alimentador
A0001,0
A0002,1
A0003,2
A0004,3
A0005,4
A0006,5
A0007,6
A0008,7
A0009,8
A0010,9
A0011,10
A0012,11
A0013,12
A0014,13
A0015,14
A0016,15
A0017,16
A0018,17
A0019,18
A0020,19
A0021,20
A0022,21
A0023,22
A0024,23
A0025,24
A0026,25
A0027,26
A0028,27
A0029,28
A0030,29
A0031,30
A0032,31
A0033,32
A0034,33
A0035,34
A0036,35
A0037,36
A0038,37
A0039,38
A0040,39
A0041,40
A0042,41
A0043,42
A0044,43
A0045,44
A0046,45
A0047,46
A0048,47
A0049,48
A0050,49
A0051,50
A0052,51
A0053,52
A0054,53
A0055,54
A0056,55
A0057,56
A0058,57
A0059,58
A0060,59
A0061,60
A0062,61
A0063,62
A0064,63
A0065,64
A0066,65
A0067,66
A0068,67
A0069,68
A0070,69
A0071,70
A0072,71
A0073,72
A0074,73
A0075,74
A0076,75
A0077,76
A0078,77
A0079,78
A0080,79
A0081,80
A0082,81
A0083,82
A0084,83
A0085,84
A0086,85
A0087,86
A0088,87
A0089,88
A0090,89
A0091,90
A0092,91
A0093,92
A0094,93
A0095,94
A0096,95
A0097,96
A0098,97
A0099,98
A0100,99
A0101,100
A0102,101
A0103,102
A0104,103
A0105,104
A0106,105
A0107,106
A0108,107
A0109,108
A0110,109
A0111,110
A0112,111
A0113,112
A0114,113
A0115,114
A0116,115
A0117,116
A0118,117
A0119,118
A0120,119
A0121,120
A0122,121
A0123,122
A0124,123
A0125,124
A0126,125
A0127,126
A0128,127
A0129,128
A0130,129
A0131,130
A0132,131
A0133,132
A0134,133
A0135,134
A0136,135
A0137,136
A0138,137
A0139,138
A0140,139
A0141,140
A0142,141
A0143,142
A0144,143
A0145,144
A0146,145
A0147,146
A0148,147
A0149,148
A0150,149
A0151,150
A0152,151
A0153,152
A0154,153
A0155,154
A0156,155
A0157,156
A0158,157
A0159,158
A0160,159
A0161,160
A0162,161
A0163,162
A0164,163
A0165,164
A0166,165
A0167,166
A0168,167
A0169,168
A0170,169
A0171,170
A0172,171
A0173,172
A0174,173
A0175,174
A0176,175
A0177,176
A0178,177
A0179,178
A0180,179
A0181,180
A0182,181
A0183,182
A0184,183
A0185,184
A0186,185
A0187,186
A0188,187
A0189,188
A0190,189
A0191,190
A0192,191
A0193,192
A0194,193
A0195,194
A0196,195
A0197,196
A0198,197
A0199,198
A0200,199
A0201,200
A0202,201
A0203,202
A0204,203
A0205,204
A0206,205
A0207,206
A0208,207
A0209,208
A0210,209
A0211,210
A0212,211
A0213,212
A0214,213
A0215,214
A0216,215
A0217,216
A0218,217
A0219,218
A0220,219
A0221,220
A0222,221
A0223,222
A0224,223
A0225,224
A0226,225
A0227,226
A0228,227
A0229,228
A0230,229
A0231,230
A0232,231
A0233,232
A0234,233
A0235,234
A0236,235
A0237,236
A0238,237
A0239,238
A0240,239
