llave,id_llave
L000001,0
L000002,1
L000003,2
L000004,3
L000005,4
L000006,5
L000007,6
L000008,7
L000009,8
L000010,9
L000011,10
L000012,11
L000013,12
L000014,13
L000015,14
L000016,15
L000017,16
L000018,17
L000019,18
L000020,19
L000021,20
L000022,21
L000023,22
L000024,23
L000025,24
L000026,25
L000027,26
L000028,27
L000029,28
L000030,29
L000031,30
L000032,31
L000033,32
L000034,33
L000035,34
L000036,35
L000037,36
L000038,37
L000039,38
L000040,39
L000041,40
L000042,41
L000043,42
L000044,43
L000045,44
L000046,45
L000047,46
L000048,47
L000049,48
L000050,49
L000051,50
L000052,51
L000053,52
L000054,53
L000055,54
L000056,55
L000057,56
L000058,57
L000059,58
L000060,59
L000061,60
L000062,61
L000063,62
L000064,63
L000065,64
L000066,65
L000067,66
L000068,67
L000069,68
L000070,69
L000071,70
L000072,71
L000073,72
L000074,73
L000075,74
L000076,75
L000077,76
L000078,77
L000079,78
L000080,79
L000081,80
L000082,81
L000083,82
L000084,83
L000085,84
L000086,85
L000087,86
L000088,87
L000089,88
L000090,89
L000091,90
L000092,91
L000093,92
L000094,93
L000095,94
L000096,95
L000097,96
L000098,97
L000099,98
L000100,99
L000101,100
L000102,101
L000103,102
L000104,103
L000105,104
L000106,105
L000107,106
L000108,107
L000109,108
L000110,109
L000111,110
L000112,111
L000113,112
L000114,113
L000115,114
L000116,115
L000117,116
L000118,117
L000119,118
L000120,119
L000121,120
L000122,121
L000123,122
L000124,123
L000125,124
L000126,125
L000127,126
L000128,127
L000129,128
L000130,129
L000131,130
L000132,131
L000133,132
L000134,133
L000135,134
L000136,135
L000137,136
L000138,137
L000139,138
L000140,139
L000141,140
L000142,141
L000143,142
L000144,143
L000145,144
L000146,145
L000147,146
L000148,147
L000149,148
L000150,149
L000151,150
L000152,151
L000153,152
L000154,153
L000155,154
L000156,155
L000157,156
L000158,157
L000159,158
L000160,159
L000161,160
L000162,161
L000163,162
L000164,163
L000165,164
L000166,165
L000167,166
L000168,167
L000169,168
L000170,169
L000171,170
L000172,171
L000173,172
L000174,173
L000175,174
L000176,175
L000177,176
L000178,177
L000179,178
L000180,179
L000181,180
L000182,181
L000183,182
L000184,183
L000185,184
L000186,185
L000187,186
L000188,187
L000189,188
L000190,189
L000191,190
L000192,191
L000193,192
L000194,193
L000195,194
L000196,195
L000197,196
L000198,197
L000199,198
L000200,199
L000201,200
L000202,201
L000203,202
L000204,203
L000205,204
L000206,205
L000207,206
L000208,207
L000209,208
L000210,209
L000211,210
L000212,211
L000213,212
L000214,213
L000215,214
L000216,215
L000217,216
L000218,217
L000219,218
L000220,219
L000221,220
L000222,221
L000223,222
L000224,223
L000225,224
L000226,225
L000227,226
L000228,227
L000229,228
L000230,229
L000231,230
L000232,231
L000233,232
L000234,233
L000235,234
L000236,235
L000237,236
L000238,237
L000239,238
L000240,239
L000241,240
L000242,241
L000243,242
L000244,243
L000245,244
L000246,245
L000247,246
L000248,247
L000249,248
L000250,249
L000251,250
L000252,251
L000253,252
L000254,253
L000255,254
L000256,255
L000257,256
L000258,257
L000259,258
L000260,259
L000261,260
L000262,261
L000263,262
L000264,263
L000265,264
L000266,265
L000267,266
L000268,267
L000269,268
L000270,269
L000271,270
L000272,271
L000273,272
L000274,273
L000275,274
L000276,275
L000277,276
L000278,277
L000279,278
L000280,279
L000281,280
L000282,281
L000283,282
L000284,283
L000285,284
L000286,285
L000287,286
L000288,287
L000289,288
L000290,289
L000291,290
L000292,291
L000293,292
L000294,293
L000295,294
L000296,295
L000297,296
L000298,297
L000299,298
L000300,299
L000301,300
L000302,301
L000303,302
L000304,303
L000305,304
L000306,305
L000307,306
L000308,307
L000309,308
L000310,309
L000311,310
L000312,311
L000313,312
L000314,313
L000315,314
L000316,315
L000317,316
L000318,317
L000319,318
L000320,319
L000321,320
L000322,321
L000323,322
L000324,323
L000325,324
L000326,325
L000327,326
L000328,327
L000329,328
L000330,329
L000331,330
L000332,331
L000333,332
L000334,333
L000335,334
L000336,335
L000337,336
L000338,337
L000339,338
L000340,339
L000341,340
L000342,341
L000343,342
L000344,343
L000345,344
L000346,345
L000347,346
L000348,347
L000349,348
L000350,349
L000351,350
L000352,351
L000353,352
L000354,353
L000355,354
L000356,355
L000357,356
L000358,357
L000359,358
L000360,359
L000361,360
L000362,361
L000363,362
L000364,363
L000365,364
L000366,365
L000367,366
L000368,367
L000369,368
L000370,369
L000371,370
L000372,371
L000373,372
L000374,373
L000375,374
L000376,375
L000377,376
L000378,377
L000379,378
L000380,379
L000381,380
L000382,381
L000383,382
L000384,383
L000385,384
L000386,385
L000387,386
L000388,387
L000389,388
L000390,389
L000391,390
L000392,391
L000393,392
L000394,393
L000395,394
L000396,395
L000397,396
L000398,397
L000399,398
L000400,399
L000401,400
L000402,401
L000403,402
L000404,403
L000405,404
L000406,405
L000407,406
L000408,407
L000409,408
L000410,409
L000411,410
L000412,411
L000413,412
L000414,413
L000415,414
L000416,415
L000417,416
L000418,417
L000419,418
L000420,419
L000421,420
L000422,421
L000423,422
L000424,423
L000425,424
L000426,425
L000427,426
L000428,427
L000429,428
L000430,429
L000431,430
L000432,431
L000433,432
L000434,433
L000435,434
L000436,435
L000437,436
L000438,437
L000439,438
L000440,439
L000441,440
L000442,441
L000443,442
L000444,443
L000445,444
L000446,445
L000447,446
L000448,447
L000449,448
L000450,449
L000451,450
L000452,451
L000453,452
L000454,453
L000455,454
L000456,455
L000457,456
L000458,457
L000459,458
L000460,459
L000461,460
L000462,461
L000463,462
L000464,463
L000465,464
L000466,465
L000467,466
L000468,467
L000469,468
L000470,469
L000471,470
L000472,471
L000473,472
L000474,473
L000475,474
L000476,475
L000477,476
L000478,477
L000479,478
L000480,479
L000481,480
L000482,481
L000483,482
L000484,483
L000485,484
L000486,485
L000487,486
L000488,487
L000489,488
L000490,489
L000491,490
L000492,491
L000493,492
L000494,493
L000495,494
L000496,495
L000497,496
L000498,497
L000499,498
L000500,499
L000501,500
L000502,501
L000503,502
L000504,503
L000505,504
L000506,505
L000507,506
L000508,507
L000509,508
L000510,509
L000511,510
L000512,511
L000513,512
L000514,513
L000515,514
L000516,515
L000517,516
L000518,517
L000519,518
L000520,519
L000521,520
L000522,521
L000523,522
L000524,523
L000525,524
L000526,525
L000527,526
L000528,527
L000529,528
L000530,529
L000531,530
L000532,531
L000533,532
L000534,533
L000535,534
L000536,535
L000537,536
L000538,537
L000539,538
L000540,539
L000541,540
L000542,541
L000543,542
L000544,543
L000545,544
L000546,545
L000547,546
L000548,547
L000549,548
L000550,549
L000551,550
L000552,551
L000553,552
L000554,553
L000555,554
L000556,555
L000557,556
L000558,557
L000559,558
L000560,559
L000561,560
L000562,561
L000563,562
L000564,563
L000565,564
L000566,565
L000567,566
L000568,567
L000569,568
L000570,569
L000571,570
L000572,571
L000573,572
L000574,573
L000575,574
L000576,575
L000577,576
L000578,577
L000579,578
L000580,579
L000581,580
L000582,581
L000583,582
L000584,583
L000585,584
L000586,585
L000587,586
L000588,587
L000589,588
L000590,589
L000591,590
L000592,591
L000593,592
L000594,593
L000595,594
L000596,595
L000597,596
L000598,597
L000599,598
L000600,599
L000601,600
L000602,601
L000603,602
L000604,603
L000605,604
L000606,605
L000607,606
L000608,607
L000609,608
L000610,609
L000611,610
L000612,611
L000613,612
L000614,613
L000615,614
L000616,615
L000617,616
L000618,617
L000619,618
L000620,619
L000621,620
L000622,621
L000623,622
L000624,623
L000625,624
L000626,625
L000627,626
L000628,627
L000629,628
L000630,629
L000631,630
L000632,631
L000633,632
L000634,633
L000635,634
L000636,635
L000637,636
L000638,637
L000639,638
L000640,639
L000641,640
L000642,641
L000643,642
L000644,643
L000645,644
L000646,645
L000647,646
L000648,647
L000649,648
L000650,649
L000651,650
L000652,651
L000653,652
L000654,653
L000655,654
L000656,655
L000657,656
L000658,657
L000659,658
L000660,659
L000661,660
L000662,661
L000663,662
L000664,663
L000665,664
L000666,665
L000667,666
L000668,667
L000669,668
L000670,669
L000671,670
L000672,671
L000673,672
L000674,673
L000675,674
L000676,675
L000677,676
L000678,677
L000679,678
L000680,679
L000681,680
L000682,681
L000683,682
L000684,683
L000685,684
L000686,685
L000687,686
L000688,687
L000689,688
L000690,689
L000691,690
L000692,691
L000693,692
L000694,693
L000695,694
L000696,695
L000697,696
L000698,697
L000699,698
L000700,699
L000701,700
L000702,701
L000703,702
L000704,703
L000705,704
L000706,705
L000707,706
L000708,707
L000709,708
L000710,709
L000711,710
L000712,711
L000713,712
L000714,713
L000715,714
L000716,715
L000717,716
L000718,717
L000719,718
L000720,719
L000721,720
L000722,721
L000723,722
L000724,723
L000725,724
L000726,725
L000727,726
L000728,727
L000729,728
L000730,729
L000731,730
L000732,731
L000733,732
L000734,733
L000735,734
L000736,735
L000737,736
L000738,737
L000739,738
L000740,739
L000741,740
L000742,741
L000743,742
L000744,743
L000745,744
L000746,745
L000747,746
L000748,747
L000749,748
L000750,749
L000751,750
L000752,751
L000753,752
L000754,753
L000755,754
L000756,755
L000757,756
L000758,757
L000759,758
L000760,759
L000761,760
L000762,761
L000763,762
L000764,763
L000765,764
L000766,765
L000767,766
L000768,767
L000769,768
L000770,769
L000771,770
L000772,771
L000773,772
L000774,773
L000775,774
L000776,775
L000777,776
L000778,777
L000779,778
L000780,779
L000781,780
L000782,781
L000783,782
L000784,783
L000785,784
L000786,785
L000787,786
L000788,787
L000789,788
L000790,789
L000791,790
L000792,791
L000793,792
L000794,793
L000795,794
L000796,795
L000797,796
L000798,797
L000799,798
L000800,799
L000801,800
L000802,801
L000803,802
L000804,803
L000805,804
L000806,805
L000807,806
L000808,807
L000809,808
L000810,809
L000811,810
L000812,811
L000813,812
L000814,813
L000815,814
L000816,815
L000817,816
L000818,817
L000819,818
L000820,819
L000821,820
L000822,821
L000823,822
L000824,823
L000825,824
L000826,825
L000827,826
L000828,827
L000829,828
L000830,829
L000831,830
L000832,831
L000833,832
L000834,833
L000835,834
L000836,835
L000837,836
L000838,837
L000839,838
L000840,839
L000841,840
L000842,841
L000843,842
L000844,843
L000845,844
L000846,845
L000847,846
L000848,847
L000849,848
L000850,849
L000851,850
L000852,851
L000853,852
L000854,853
L000855,854
L000856,855
L000857,856
L000858,857
L000859,858
L000860,859
L000861,860
L000862,861
L000863,862
L000864,863
L000865,864
L000866,865
L000867,866
L000868,867
L000869,868
L000870,869
L000871,870
L000872,871
L000873,872
L000874,873
L000875,874
L000876,875
L000877,876
L000878,877
L000879,878
L000880,879
L000881,880
L000882,881
L000883,882
L000884,883
L000885,884
L000886,885
L000887,886
L000888,887
L000889,888
L000890,889
L000891,890
L000892,891
L000893,892
L000894,893
L000895,894
L000896,895
L000897,896
L000898,897
L000899,898
L000900,899
L000901,900
L000902,901
L000903,902
L000904,903
L000905,904
L000906,905
L000907,906
L000908,907
L000909,908
L000910,909
L000911,910
L000912,911
L000913,912
L000914,913
L000915,914
L000916,915
L000917,916
L000918,917
L000919,918
L000920,919
L000921,920
L000922,921
L000923,922
L000924,923
L000925,924
L000926,925
L000927,926
L000928,927
L000929,928
L000930,929
L000931,930
L000932,931
L000933,932
L000934,933
L000935,934
L000936,935
L000937,936
L000938,937
L000939,938
L000940,939
L000941,940
L000942,941
L000943,942
L000944,943
L000945,944
L000946,945
L000947,946
L000948,947
L000949,948
L000950,949
L000951,950
L000952,951
L000953,952
L000954,953
L000955,954
L000956,955
L000957,956
L000958,957
L000959,958
L000960,959
L000961,960
L000962,961
L000963,962
L000964,963
L000965,964
L000966,965
L000967,966
L000968,967
L000969,968
L000970,969
L000971,970
L000972,971
L000973,972
L000974,973
L000975,974
L000976,975
L000977,976
L000978,977
L000979,978
L000980,979
L000981,980
L000982,981
L000983,982
L000984,983
L000985,984
L000986,985
L000987,986
L000988,987
L000989,988
L000990,989
L000991,990
L000992,991
L000993,992
L000994,993
L000995,994
L000996,995
L000997,996
L000998,997
L000999,998
L001000,999
L001001,1000
L001002,1001
L001003,1002
L001004,1003
L001005,1004
L001006,1005
L001007,1006
L001008,1007
L001009,1008
L001010,1009
L001011,1010
L001012,1011
L001013,1012
L001014,1013
L001015,1014
L001016,1015
L001017,1016
L001018,1017
L001019,1018
L001020,1019
L001021,1020
L001022,1021
L001023,1022
L001024,1023
L001025,1024
L001026,1025
L001027,1026
L001028,1027
L001029,1028
L001030,1029
L001031,1030
L001032,1031
L001033,1032
L001034,1033
L001035,1034
L001036,1035
L001037,1036
L001038,1037
L001039,1038
L001040,1039
L001041,1040
L001042,1041
L001043,1042
L001044,1043
L001045,1044
L001046,1045
L001047,1046
L001048,1047
L001049,1048
L001050,1049
L001051,1050
L001052,1051
L001053,1052
L001054,1053
L001055,1054
L001056,1055
L001057,1056
L001058,1057
L001059,1058
L001060,1059
L001061,1060
L001062,1061
L001063,1062
L001064,1063
L001065,1064
L001066,1065
L001067,1066
L001068,1067
L001069,1068
L001070,1069
L001071,1070
L001072,1071
L001073,1072
L001074,1073
L001075,1074
L001076,1075
L001077,1076
L001078,1077
L001079,1078
L001080,1079
L001081,1080
L001082,1081
L001083,1082
L001084,1083
L001085,1084
L001086,1085
L001087,1086
L001088,1087
L001089,1088
L001090,1089
L001091,1090
L001092,1091
L001093,1092
L001094,1093
L001095,1094
L001096,1095
L001097,1096
L001098,1097
L001099,1098
L001100,1099
L001101,1100
L001102,1101
L001103,1102
L001104,1103
L001105,1104
L001106,1105
L001107,1106
L001108,1107
L001109,1108
L001110,1109
L001111,1110
L001112,1111
L001113,1112
L001114,1113
L001115,1114
L001116,1115
L001117,1116
L001118,1117
L001119,1118
L001120,1119
L001121,1120
L001122,1121
L001123,1122
L001124,1123
L001125,1124
L001126,1125
L001127,1126
L001128,1127
L001129,1128
L001130,1129
L001131,1130
L001132,1131
L001133,1132
L001134,1133
L001135,1134
L001136,1135
L001137,1136
L001138,1137
L001139,1138
L001140,1139
L001141,1140
L001142,1141
L001143,1142
L001144,1143
L001145,1144
L001146,1145
L001147,1146
L001148,1147
L001149,1148
L001150,1149
L001151,1150
L001152,1151
L001153,1152
L001154,1153
L001155,1154
L001156,1155
L001157,1156
L001158,1157
L001159,1158
L001160,1159
L001161,1160
L001162,1161
L001163,1162
L001164,1163
L001165,1164
L001166,1165
L001167,1166
L001168,1167
L001169,1168
L001170,1169
L001171,1170
L001172,1171
L001173,1172
L001174,1173
L001175,1174
L001176,1175
L001177,1176
L001178,1177
L001179,1178
L001180,1179
L001181,1180
L001182,1181
L001183,1182
L001184,1183
L001185,1184
L001186,1185
L001187,1186
L001188,1187
L001189,1188
L001190,1189
L001191,1190
L001192,1191
L001193,1192
L001194,1193
L001195,1194
L001196,1195
L001197,1196
L001198,1197
L001199,1198
L001200,1199
L001201,1200
L001202,1201
L001203,1202
L001204,1203
L001205,1204
L001206,1205
L001207,1206
L001208,1207
L001209,1208
L001210,1209
L001211,1210
L001212,1211
L001213,1212
L001214,1213
L001215,1214
L001216,1215
L001217,1216
L001218,1217
L001219,1218
L001220,1219
L001221,1220
L001222,1221
L001223,1222
L001224,1223
L001225,1224
L001226,1225
L001227,1226
L001228,1227
L001229,1228
L001230,1229
L001231,1230
L001232,1231
L001233,1232
L001234,1233
L001235,1234
L001236,1235
L001237,1236
L001238,1237
L001239,1238
L001240,1239
L001241,1240
L001242,1241
L001243,1242
L001244,1243
L001245,1244
L001246,1245
L001247,1246
L001248,1247
L001249,1248
L001250,1249
L001251,1250
L001252,1251
L001253,1252
L001254,1253
L001255,1254
L001256,1255
L001257,1256
L001258,1257
L001259,1258
L001260,1259
L001261,1260
L001262,1261
L001263,1262
L001264,1263
L001265,1264
L001266,1265
L001267,1266
L001268,1267
L001269,1268
L001270,1269
L001271,1270
L001272,1271
L001273,1272
L001274,1273
L001275,1274
L001276,1275
L001277,1276
L001278,1277
L001279,1278
L001280,1279
L001281,1280
L001282,1281
L001283,1282
L001284,1283
L001285,1284
L001286,1285
L001287,1286
L001288,1287
L001289,1288
L001290,1289
L001291,1290
L001292,1291
L001293,1292
L001294,1293
L001295,1294
L001296,1295
L001297,1296
L001298,1297
L001299,1298
L001300,1299
L001301,1300
L001302,1301
L001303,1302
L001304,1303
L001305,1304
L001306,1305
L001307,1306
L001308,1307
L001309,1308
L001310,1309
L001311,1310
L001312,1311
L001313,1312
L001314,1313
L001315,1314
L001316,1315
L001317,1316
L001318,1317
L001319,1318
L001320,1319
L001321,1320
L001322,1321
L001323,1322
L001324,1323
L001325,1324
L001326,1325
L001327,1326
L001328,1327
L001329,1328
L001330,1329
L001331,1330
L001332,1331
L001333,1332
L001334,1333
L001335,1334
L001336,1335
L001337,1336
L001338,1337
L001339,1338
L001340,1339
L001341,1340
L001342,1341
L001343,1342
L001344,1343
L001345,1344
L001346,1345
L001347,1346
L001348,1347
L001349,1348
L001350,1349
L001351,1350
L001352,1351
L001353,1352
L001354,1353
L001355,1354
L001356,1355
L001357,1356
L001358,1357
L001359,1358
L001360,1359
L001361,1360
L001362,1361
L001363,1362
L001364,1363
L001365,1364
L001366,1365
L001367,1366
L001368,1367
L001369,1368
L001370,1369
L001371,1370
L001372,1371
L001373,1372
L001374,1373
L001375,1374
L001376,1375
L001377,1376
L001378,1377
L001379,1378
L001380,1379
L001381,1380
L001382,1381
L001383,1382
L001384,1383
L001385,1384
L001386,1385
L001387,1386
L001388,1387
L001389,1388
L001390,1389
L001391,1390
L001392,1391
L001393,1392
L001394,1393
L001395,1394
L001396,1395
L001397,1396
L001398,1397
L001399,1398
L001400,1399
L001401,1400
L001402,1401
L001403,1402
L001404,1403
L001405,1404
L001406,1405
L001407,1406
L001408,1407
L001409,1408
L001410,1409
L001411,1410
L001412,1411
L001413,1412
L001414,1413
L001415,1414
L001416,1415
L001417,1416
L001418,1417
L001419,1418
L001420,1419
L001421,1420
L001422,1421
L001423,1422
L001424,1423
L001425,1424
L001426,1425
L001427,1426
L001428,1427
L001429,1428
L001430,1429
L001431,1430
L001432,1431
L001433,1432
L001434,1433
L001435,1434
L001436,1435
L001437,1436
L001438,1437
L001439,1438
L001440,1439
L001441,1440
L001442,1441
L001443,1442
L001444,1443
L001445,1444
L001446,1445
L001447,1446
L001448,1447
L001449,1448
L001450,1449
L001451,1450
L001452,1451
L001453,1452
L001454,1453
L001455,1454
L001456,1455
L001457,1456
L001458,1457
L001459,1458
L001460,1459
L001461,1460
L001462,1461
L001463,1462
L001464,1463
L001465,1464
L001466,1465
L001467,1466
L001468,1467
L001469,1468
L001470,1469
L001471,1470
L001472,1471
L001473,1472
L001474,1473
L001475,1474
L001476,1475
L001477,1476
L001478,1477
L001479,1478
L001480,1479
L001481,1480
L001482,1481
L001483,1482
L001484,1483
L001485,1484
L001486,1485
L001487,1486
L001488,1487
L001489,1488
L001490,1489
L001491,1490
L001492,1491
L001493,1492
L001494,1493
L001495,1494
L001496,1495
L001497,1496
L001498,1497
L001499,1498
L001500,1499
L001501,1500
L001502,1501
L001503,1502
L001504,1503
L001505,1504
L001506,1505
L001507,1506
L001508,1507
L001509,1508
L001510,1509
L001511,1510
L001512,1511
L001513,1512
L001514,1513
L001515,1514
L001516,1515
L001517,1516
L001518,1517
L001519,1518
L001520,1519
L001521,1520
L001522,1521
L001523,1522
L001524,1523
L001525,1524
L001526,1525
L001527,1526
L001528,1527
L001529,1528
L001530,1529
L001531,1530
L001532,1531
L001533,1532
L001534,1533
L001535,1534
L001536,1535
L001537,1536
L001538,1537
L001539,1538
L001540,1539
L001541,1540
L001542,1541
L001543,1542
L001544,1543
L001545,1544
L001546,1545
L001547,1546
L001548,1547
L001549,1548
L001550,1549
L001551,1550
L001552,1551
L001553,1552
L001554,1553
L001555,1554
L001556,1555
L001557,1556
L001558,1557
L001559,1558
L001560,1559
L001561,1560
L001562,1561
L001563,1562
L001564,1563
L001565,1564
L001566,1565
L001567,1566
L001568,1567
L001569,1568
L001570,1569
L001571,1570
L001572,1571
L001573,1572
L001574,1573
L001575,1574
L001576,1575
L001577,1576
L001578,1577
L001579,1578
L001580,1579
L001581,1580
L001582,1581
L001583,1582
L001584,1583
L001585,1584
L001586,1585
L001587,1586
L001588,1587
L001589,1588
L001590,1589
L001591,1590
L001592,1591
L001593,1592
L001594,1593
L001595,1594
L001596,1595
L001597,1596
L001598,1597
L001599,1598
L001600,1599
L001601,1600
L001602,1601
L001603,1602
L001604,1603
L001605,1604
L001606,1605
L001607,1606
L001608,1607
L001609,1608
L001610,1609
L001611,1610
L001612,1611
L001613,1612
L001614,1613
L001615,1614
L001616,1615
L001617,1616
L001618,1617
L001619,1618
L001620,1619
L001621,1620
L001622,1621
L001623,1622
L001624,1623
L001625,1624
L001626,1625
L001627,1626
L001628,1627
L001629,1628
L001630,1629
L001631,1630
L001632,1631
L001633,1632
L001634,1633
L001635,1634
L001636,1635
L001637,1636
L001638,1637
L001639,1638
L001640,1639
L001641,1640
L001642,1641
L001643,1642
L001644,1643
L001645,1644
L001646,1645
L001647,1646
L001648,1647
L001649,1648
L001650,1649
L001651,1650
L001652,1651
L001653,1652
L001654,1653
L001655,1654
L001656,1655
L001657,1656
L001658,1657
L001659,1658
L001660,1659
L001661,1660
L001662,1661
L001663,1662
L001664,1663
L001665,1664
L001666,1665
L001667,1666
L001668,1667
L001669,1668
L001670,1669
L001671,1670
L001672,1671
L001673,1672
L001674,1673
L001675,1674
L001676,1675
L001677,1676
L001678,1677
L001679,1678
L001680,1679
L001681,1680
L001682,1681
L001683,1682
L001684,1683
L001685,1684
L001686,1685
L001687,1686
L001688,1687
L001689,1688
L001690,1689
L001691,1690
L001692,1691
L001693,1692
L001694,1693
L001695,1694
L001696,1695
L001697,1696
L001698,1697
L001699,1698
L001700,1699
L001701,1700
L001702,1701
L001703,1702
L001704,1703
L001705,1704
L001706,1705
L001707,1706
L001708,1707
L001709,1708
L001710,1709
L001711,1710
L001712,1711
L001713,1712
L001714,1713
L001715,1714
L001716,1715
L001717,1716
L001718,1717
L001719,1718
L001720,1719
L001721,1720
L001722,1721
L001723,1722
L001724,1723
L001725,1724
L001726,1725
L001727,1726
L001728,1727
L001729,1728
L001730,1729
L001731,1730
L001732,1731
L001733,1732
L001734,1733
L001735,1734
L001736,1735
L001737,1736
L001738,1737
L001739,1738
L001740,1739
L001741,1740
L001742,1741
L001743,1742
L001744,1743
L001745,1744
L001746,1745
L001747,1746
L001748,1747
L001749,1748
L001750,1749
L001751,1750
L001752,1751
L001753,1752
L001754,1753
L001755,1754
L001756,1755
L001757,1756
L001758,1757
L001759,1758
L001760,1759
L001761,1760
L001762,1761
L001763,1762
L001764,1763
L001765,1764
L001766,1765
L001767,1766
L001768,1767
L001769,1768
L001770,1769
L001771,1770
L001772,1771
L001773,1772
L001774,1773
L001775,1774
L001776,1775
L001777,1776
L001778,1777
L001779,1778
L001780,1779
L001781,1780
L001782,1781
L001783,1782
L001784,1783
L001785,1784
L001786,1785
L001787,1786
L001788,1787
L001789,1788
L001790,1789
L001791,1790
L001792,1791
L001793,1792
L001794,1793
L001795,1794
L001796,1795
L001797,1796
L001798,1797
L001799,1798
L001800,1799
L001801,1800
L001802,1801
L001803,1802
L001804,1803
L001805,1804
L001806,1805
L001807,1806
L001808,1807
L001809,1808
L001810,1809
L001811,1810
L001812,1811
L001813,1812
L001814,1813
L001815,1814
L001816,1815
L001817,1816
L001818,1817
L001819,1818
L001820,1819
L001821,1820
L001822,1821
L001823,1822
L001824,1823
L001825,1824
L001826,1825
L001827,1826
L001828,1827
L001829,1828
L001830,1829
L001831,1830
L001832,1831
L001833,1832
L001834,1833
L001835,1834
L001836,1835
L001837,1836
L001838,1837
L001839,1838
L001840,1839
L001841,1840
L001842,1841
L001843,1842
L001844,1843
L001845,1844
L001846,1845
L001847,1846
L001848,1847
L001849,1848
L001850,1849
L001851,1850
L001852,1851
L001853,1852
L001854,1853
L001855,1854
L001856,1855
L001857,1856
L001858,1857
L001859,1858
L001860,1859
L001861,1860
L001862,1861
L001863,1862
L001864,1863
L001865,1864
L001866,1865
L001867,1866
L001868,1867
L001869,1868
L001870,1869
L001871,1870
L001872,1871
L001873,1872
L001874,1873
L001875,1874
L001876,1875
L001877,1876
L001878,1877
L001879,1878
L001880,1879
L001881,1880
L001882,1881
L001883,1882
L001884,1883
L001885,1884
L001886,1885
L001887,1886
L001888,1887
L001889,1888
L001890,1889
L001891,1890
L001892,1891
L001893,1892
L001894,1893
L001895,1894
L001896,1895
L001897,1896
L001898,1897
L001899,1898
L001900,1899
L001901,1900
L001902,1901
L001903,1902
L001904,1903
L001905,1904
L001906,1905
L001907,1906
L001908,1907
L001909,1908
L001910,1909
L001911,1910
L001912,1911
L001913,1912
L001914,1913
L001915,1914
L001916,1915
L001917,1916
L001918,1917
L001919,1918
L001920,1919
L001921,1920
L001922,1921
L001923,1922
L001924,1923
L001925,1924
L001926,1925
L001927,1926
L001928,1927
L001929,1928
L001930,1929
L001931,1930
L001932,1931
L001933,1932
L001934,1933
L001935,1934
L001936,1935
L001937,1936
L001938,1937
L001939,1938
L001940,1939
L001941,1940
L001942,1941
L001943,1942
L001944,1943
L001945,1944
L001946,1945
L001947,1946
L001948,1947
L001949,1948
L001950,1949
L001951,1950
L001952,1951
L001953,1952
L001954,1953
L001955,1954
L001956,1955
L001957,1956
L001958,1957
L001959,1958
L001960,1959
L001961,1960
L001962,1961
L001963,1962
L001964,1963
L001965,1964
L001966,1965
L001967,1966
L001968,1967
L001969,1968
L001970,1969
L001971,1970
L001972,1971
L001973,1972
L001974,1973
L001975,1974
L001976,1975
L001977,1976
L001978,1977
L001979,1978
L001980,1979
L001981,1980
L001982,1981
L001983,1982
L001984,1983
L001985,1984
L001986,1985
L001987,1986
L001988,1987
L001989,1988
L001990,1989
L001991,1990
L001992,1991
L001993,1992
L001994,1993
L001995,1994
L001996,1995
L001997,1996
L001998,1997
L001999,1998
L002000,1999
L002001,2000
L002002,2001
L002003,2002
L002004,2003
L002005,2004
L002006,2005
L002007,2006
L002008,2007
L002009,2008
L002010,2009
L002011,2010
L002012,2011
L002013,2012
L002014,2013
L002015,2014
L002016,2015
L002017,2016
L002018,2017
L002019,2018
L002020,2019
L002021,2020
L002022,2021
L002023,2022
L002024,2023
L002025,2024
L002026,2025
L002027,2026
L002028,2027
L002029,2028
L002030,2029
L002031,2030
L002032,2031
L002033,2032
L002034,2033
L002035,2034
L002036,2035
L002037,2036
L002038,2037
L002039,2038
L002040,2039
L002041,2040
L002042,2041
L002043,2042
L002044,2043
L002045,2044
L002046,2045
L002047,2046
L002048,2047
L002049,2048
L002050,2049
L002051,2050
L002052,2051
L002053,2052
L002054,2053
L002055,2054
L002056,2055
L002057,2056
L002058,2057
L002059,2058
L002060,2059
L002061,2060
L002062,2061
L002063,2062
L002064,2063
L002065,2064
L002066,2065
L002067,2066
L002068,2067
L002069,2068
L002070,2069
L002071,2070
L002072,2071
L002073,2072
L002074,2073
L002075,2074
L002076,2075
L002077,2076
L002078,2077
L002079,2078
L002080,2079
L002081,2080
L002082,2081
L002083,2082
L002084,2083
L002085,2084
L002086,2085
L002087,2086
L002088,2087
L002089,2088
L002090,2089
L002091,2090
L002092,2091
L002093,2092
L002094,2093
L002095,2094
L002096,2095
L002097,2096
L002098,2097
L002099,2098
L002100,2099
L002101,2100
L002102,2101
L002103,2102
L002104,2103
L002105,2104
L002106,2105
L002107,2106
L002108,2107
L002109,2108
L002110,2109
L002111,2110
L002112,2111
L002113,2112
L002114,2113
L002115,2114
L002116,2115
L002117,2116
L002118,2117
L002119,2118
L002120,2119
L002121,2120
L002122,2121
L002123,2122
L002124,2123
L002125,2124
L002126,2125
L002127,2126
L002128,2127
L002129,2128
L002130,2129
L002131,2130
L002132,2131
L002133,2132
L002134,2133
L002135,2134
L002136,2135
L002137,2136
L002138,2137
L002139,2138
L002140,2139
L002141,2140
L002142,2141
L002143,2142
L002144,2143
L002145,2144
L002146,2145
L002147,2146
L002148,2147
L002149,2148
L002150,2149
L002151,2150
L002152,2151
L002153,2152
L002154,2153
L002155,2154
L002156,2155
L002157,2156
L002158,2157
L002159,2158
L002160,2159
L002161,2160
L002162,2161
L002163,2162
L002164,2163
L002165,2164
L002166,2165
L002167,2166
L002168,2167
L002169,2168
L002170,2169
L002171,2170
L002172,2171
L002173,2172
L002174,2173
L002175,2174
L002176,2175
L002177,2176
L002178,2177
L002179,2178
L002180,2179
L002181,2180
L002182,2181
L002183,2182
L002184,2183
L002185,2184
L002186,2185
L002187,2186
L002188,2187
L002189,2188
L002190,2189
L002191,2190
L002192,2191
L002193,2192
L002194,2193
L002195,2194
L002196,2195
L002197,2196
L002198,2197
L002199,2198
L002200,2199
L002201,2200
L002202,2201
L002203,2202
L002204,2203
L002205,2204
L002206,2205
L002207,2206
L002208,2207
L002209,2208
L002210,2209
L002211,2210
L002212,2211
L002213,2212
L002214,2213
L002215,2214
L002216,2215
L002217,2216
L002218,2217
L002219,2218
L002220,2219
L002221,2220
L002222,2221
L002223,2222
L002224,2223
L002225,2224
L002226,2225
L002227,2226
L002228,2227
L002229,2228
L002230,2229
L002231,2230
L002232,2231
L002233,2232
L002234,2233
L002235,2234
L002236,2235
L002237,2236
L002238,2237
L002239,2238
L002240,2239
L002241,2240
L002242,2241
L002243,2242
L002244,2243
L002245,2244
L002246,2245
L002247,2246
L002248,2247
L002249,2248
L002250,2249
L002251,2250
L002252,2251
L002253,2252
L002254,2253
L002255,2254
L002256,2255
L002257,2256
L002258,2257
L002259,2258
L002260,2259
L002261,2260
L002262,2261
L002263,2262
L002264,2263
L002265,2264
L002266,2265
L002267,2266
L002268,2267
L002269,2268
L002270,2269
L002271,2270
L002272,2271
L002273,2272
L002274,2273
L002275,2274
L002276,2275
L002277,2276
L002278,2277
L002279,2278
L002280,2279
L002281,2280
L002282,2281
L002283,2282
L002284,2283
L002285,2284
L002286,2285
L002287,2286
L002288,2287
L002289,2288
L002290,2289
L002291,2290
L002292,2291
L002293,2292
L002294,2293
L002295,2294
L002296,2295
L002297,2296
L002298,2297
L002299,2298
L002300,2299
L002301,2300
L002302,2301
L002303,2302
L002304,2303
L002305,2304
L002306,2305
L002307,2306
L002308,2307
L002309,2308
L002310,2309
L002311,2310
L002312,2311
L002313,2312
L002314,2313
L002315,2314
L002316,2315
L002317,2316
L002318,2317
L002319,2318
L002320,2319
L002321,2320
L002322,2321
L002323,2322
L002324,2323
L002325,2324
L002326,2325
L002327,2326
L002328,2327
L002329,2328
L002330,2329
L002331,2330
L002332,2331
L002333,2332
L002334,2333
L002335,2334
L002336,2335
L002337,2336
L002338,2337
L002339,2338
L002340,2339
L002341,2340
L002342,2341
L002343,2342
L002344,2343
L002345,2344
L002346,2345
L002347,2346
L002348,2347
L002349,2348
L002350,2349
L002351,2350
L002352,2351
L002353,2352
L002354,2353
L002355,2354
L002356,2355
L002357,2356
L002358,2357
L002359,2358
L002360,2359
L002361,2360
L002362,2361
L002363,2362
L002364,2363
L002365,2364
L002366,2365
L002367,2366
L002368,2367
L002369,2368
L002370,2369
L002371,2370
L002372,2371
L002373,2372
L002374,2373
L002375,2374
L002376,2375
L002377,2376
L002378,2377
L002379,2378
L002380,2379
L002381,2380
L002382,2381
L002383,2382
L002384,2383
L002385,2384
L002386,2385
L002387,2386
L002388,2387
L002389,2388
L002390,2389
L002391,2390
L002392,2391
L002393,2392
L002394,2393
L002395,2394
L002396,2395
L002397,2396
L002398,2397
L002399,2398
L002400,2399
L002401,2400
L002402,2401
L002403,2402
L002404,2403
L002405,2404
L002406,2405
L002407,2406
L002408,2407
L002409,2408
L002410,2409
L002411,2410
L002412,2411
L002413,2412
L002414,2413
L002415,2414
L002416,2415
L002417,2416
L002418,2417
L002419,2418
L002420,2419
L002421,2420
L002422,2421
L002423,2422
L002424,2423
L002425,2424
L002426,2425
L002427,2426
L002428,2427
L002429,2428
L002430,2429
L002431,2430
L002432,2431
L002433,2432
L002434,2433
L002435,2434
L002436,2435
L002437,2436
L002438,2437
L002439,2438
L002440,2439
L002441,2440
L002442,2441
L002443,2442
L002444,2443
L002445,2444
L002446,2445
L002447,2446
L002448,2447
L002449,2448
L002450,2449
L002451,2450
L002452,2451
L002453,2452
L002454,2453
L002455,2454
L002456,2455
L002457,2456
L002458,2457
L002459,2458
L002460,2459
L002461,2460
L002462,2461
L002463,2462
L002464,2463
L002465,2464
L002466,2465
L002467,2466
L002468,2467
L002469,2468
L002470,2469
L002471,2470
L002472,2471
L002473,2472
L002474,2473
L002475,2474
L002476,2475
L002477,2476
L002478,2477
L002479,2478
L002480,2479
L002481,2480
L002482,2481
L002483,2482
L002484,2483
L002485,2484
L002486,2485
L002487,2486
L002488,2487
L002489,2488
L002490,2489
L002491,2490
L002492,2491
L002493,2492
L002494,2493
L002495,2494
L002496,2495
L002497,2496
L002498,2497
L002499,2498
L002500,2499
L002501,2500
L002502,2501
L002503,2502
L002504,2503
L002505,2504
L002506,2505
L002507,2506
L002508,2507
L002509,2508
L002510,2509
L002511,2510
L002512,2511
L002513,2512
L002514,2513
L002515,2514
L002516,2515
L002517,2516
L002518,2517
L002519,2518
L002520,2519
L002521,2520
L002522,2521
L002523,2522
L002524,2523
L002525,2524
L002526,2525
L002527,2526
L002528,2527
L002529,2528
L002530,2529
L002531,2530
L002532,2531
L002533,2532
L002534,2533
L002535,2534
L002536,2535
L002537,2536
L002538,2537
L002539,2538
L002540,2539
L002541,2540
L002542,2541
L002543,2542
L002544,2543
L002545,2544
L002546,2545
L002547,2546
L002548,2547
L002549,2548
L002550,2549
L002551,2550
L002552,2551
L002553,2552
L002554,2553
L002555,2554
L002556,2555
L002557,2556
L002558,2557
L002559,2558
L002560,2559
L002561,2560
L002562,2561
L002563,2562
L002564,2563
L002565,2564
L002566,2565
L002567,2566
L002568,2567
L002569,2568
L002570,2569
L002571,2570
L002572,2571
L002573,2572
L002574,2573
L002575,2574
L002576,2575
L002577,2576
L002578,2577
L002579,2578
L002580,2579
L002581,2580
L002582,2581
L002583,2582
L002584,2583
L002585,2584
L002586,2585
L002587,2586
L002588,2587
L002589,2588
L002590,2589
L002591,2590
L002592,2591
L002593,2592
L002594,2593
L002595,2594
L002596,2595
L002597,2596
L002598,2597
L002599,2598
L002600,2599
L002601,2600
L002602,2601
L002603,2602
L002604,2603
L002605,2604
L002606,2605
L002607,2606
L002608,2607
L002609,2608
L002610,2609
L002611,2610
L002612,2611
L002613,2612
L002614,2613
L002615,2614
L002616,2615
L002617,2616
L002618,2617
L002619,2618
L002620,2619
L002621,2620
L002622,2621
L002623,2622
L002624,2623
L002625,2624
L002626,2625
L002627,2626
L002628,2627
L002629,2628
L002630,2629
L002631,2630
L002632,2631
L002633,2632
L002634,2633
L002635,2634
L002636,2635
L002637,2636
L002638,2637
L002639,2638
L002640,2639
L002641,2640
L002642,2641
L002643,2642
L002644,2643
L002645,2644
L002646,2645
L002647,2646
L002648,2647
L002649,2648
L002650,2649
L002651,2650
L002652,2651
L002653,2652
L002654,2653
L002655,2654
L002656,2655
L002657,2656
L002658,2657
L002659,2658
L002660,2659
L002661,2660
L002662,2661
L002663,2662
L002664,2663
L002665,2664
L002666,2665
L002667,2666
L002668,2667
L002669,2668
L002670,2669
L002671,2670
L002672,2671
L002673,2672
L002674,2673
L002675,2674
L002676,2675
L002677,2676
L002678,2677
L002679,2678
L002680,2679
L002681,2680
L002682,2681
L002683,2682
L002684,2683
L002685,2684
L002686,2685
L002687,2686
L002688,2687
L002689,2688
L002690,2689
L002691,2690
L002692,2691
L002693,2692
L002694,2693
L002695,2694
L002696,2695
L002697,2696
L002698,2697
L002699,2698
L002700,2699
L002701,2700
L002702,2701
L002703,2702
L002704,2703
L002705,2704
L002706,2705
L002707,2706
L002708,2707
L002709,2708
L002710,2709
L002711,2710
L002712,2711
L002713,2712
L002714,2713
L002715,2714
L002716,2715
L002717,2716
L002718,2717
L002719,2718
L002720,2719
L002721,2720
L002722,2721
L002723,2722
L002724,2723
L002725,2724
L002726,2725
L002727,2726
L002728,2727
L002729,2728
L002730,2729
L002731,2730
L002732,2731
L002733,2732
L002734,2733
L002735,2734
L002736,2735
L002737,2736
L002738,2737
L002739,2738
L002740,2739
L002741,2740
L002742,2741
L002743,2742
L002744,2743
L002745,2744
L002746,2745
L002747,2746
L002748,2747
L002749,2748
L002750,2749
L002751,2750
L002752,2751
L002753,2752
L002754,2753
L002755,2754
L002756,2755
L002757,2756
L002758,2757
L002759,2758
L002760,2759
L002761,2760
L002762,2761
L002763,2762
L002764,2763
L002765,2764
L002766,2765
L002767,2766
L002768,2767
L002769,2768
L002770,2769
L002771,2770
L002772,2771
L002773,2772
L002774,2773
L002775,2774
L002776,2775
L002777,2776
L002778,2777
L002779,2778
L002780,2779
L002781,2780
L002782,2781
L002783,2782
L002784,2783
L002785,2784
L002786,2785
L002787,2786
L002788,2787
L002789,2788
L002790,2789
L002791,2790
L002792,2791
L002793,2792
L002794,2793
L002795,2794
L002796,2795
L002797,2796
L002798,2797
L002799,2798
L002800,2799
L002801,2800
L002802,2801
L002803,2802
L002804,2803
L002805,2804
L002806,2805
L002807,2806
L002808,2807
L002809,2808
L002810,2809
L002811,2810
L002812,2811
L002813,2812
L002814,2813
L002815,2814
L002816,2815
L002817,2816
L002818,2817
L002819,2818
L002820,2819
L002821,2820
L002822,2821
L002823,2822
L002824,2823
L002825,2824
L002826,2825
L002827,2826
L002828,2827
L002829,2828
L002830,2829
L002831,2830
L002832,2831
L002833,2832
L002834,2833
L002835,2834
L002836,2835
L002837,2836
L002838,2837
L002839,2838
L002840,2839
L002841,2840
L002842,2841
L002843,2842
L002844,2843
L002845,2844
L002846,2845
L002847,2846
L002848,2847
L002849,2848
L002850,2849
L002851,2850
L002852,2851
L002853,2852
L002854,2853
L002855,2854
L002856,2855
L002857,2856
L002858,2857
L002859,2858
L002860,2859
L002861,2860
L002862,2861
L002863,2862
L002864,2863
L002865,2864
L002866,2865
L002867,2866
L002868,2867
L002869,2868
L002870,2869
L002871,2870
L002872,2871
L002873,2872
L002874,2873
L002875,2874
L002876,2875
L002877,2876
L002878,2877
L002879,2878
L002880,2879
L002881,2880
L002882,2881
L002883,2882
L002884,2883
L002885,2884
L002886,2885
L002887,2886
L002888,2887
L002889,2888
L002890,2889
L002891,2890
L002892,2891
L002893,2892
L002894,2893
L002895,2894
L002896,2895
L002897,2896
L002898,2897
L002899,2898
L002900,2899
L002901,2900
L002902,2901
L002903,2902
L002904,2903
L002905,2904
L002906,2905
L002907,2906
L002908,2907
L002909,2908
L002910,2909
L002911,2910
L002912,2911
L002913,2912
L002914,2913
L002915,2914
L002916,2915
L002917,2916
L002918,2917
L002919,2918
L002920,2919
L002921,2920
L002922,2921
L002923,2922
L002924,2923
L002925,2924
L002926,2925
L002927,2926
L002928,2927
L002929,2928
L002930,2929
L002931,2930
L002932,2931
L002933,2932
L002934,2933
L002935,2934
L002936,2935
L002937,2936
L002938,2937
L002939,2938
L002940,2939
L002941,2940
L002942,2941
L002943,2942
L002944,2943
L002945,2944
L002946,2945
L002947,2946
L002948,2947
L002949,2948
L002950,2949
L002951,2950
L002952,2951
L002953,2952
L002954,2953
L002955,2954
L002956,2955
L002957,2956
L002958,2957
L002959,2958
L002960,2959
L002961,2960
L002962,2961
L002963,2962
L002964,2963
L002965,2964
L002966,2965
L002967,2966
L002968,2967
L002969,2968
L002970,2969
L002971,2970
L002972,2971
L002973,2972
L002974,2973
L002975,2974
L002976,2975
L002977,2976
L002978,2977
L002979,2978
L002980,2979
L002981,2980
L002982,2981
L002983,2982
L002984,2983
L002985,2984
L002986,2985
L002987,2986
L002988,2987
L002989,2988
L002990,2989
L002991,2990
L002992,2991
L002993,2992
L002994,2993
L002995,2994
L002996,2995
L002997,2996
L002998,2997
L002999,2998
L003000,2999
L003001,3000
L003002,3001
L003003,3002
L003004,3003
L003005,3004
L003006,3005
L003007,3006
L003008,3007
L003009,3008
L003010,3009
L003011,3010
L003012,3011
L003013,3012
L003014,3013
L003015,3014
L003016,3015
L003017,3016
L003018,3017
L003019,3018
L003020,3019
L003021,3020
L003022,3021
L003023,3022
L003024,3023
L003025,3024
L003026,3025
L003027,3026
L003028,3027
L003029,3028
L003030,3029
L003031,3030
L003032,3031
L003033,3032
L003034,3033
L003035,3034
L003036,3035
L003037,3036
L003038,3037
L003039,3038
L003040,3039
L003041,3040
L003042,3041
L003043,3042
L003044,3043
L003045,3044
L003046,3045
L003047,3046
L003048,3047
L003049,3048
L003050,3049
L003051,3050
L003052,3051
L003053,3052
L003054,3053
L003055,3054
L003056,3055
L003057,3056
L003058,3057
L003059,3058
L003060,3059
L003061,3060
L003062,3061
L003063,3062
L003064,3063
L003065,3064
L003066,3065
L003067,3066
L003068,3067
L003069,3068
L003070,3069
L003071,3070
L003072,3071
L003073,3072
L003074,3073
L003075,3074
L003076,3075
L003077,3076
L003078,3077
L003079,3078
L003080,3079
L003081,3080
L003082,3081
L003083,3082
L003084,3083
L003085,3084
L003086,3085
L003087,3086
L003088,3087
L003089,3088
L003090,3089
L003091,3090
L003092,3091
L003093,3092
L003094,3093
L003095,3094
L003096,3095
L003097,3096
L003098,3097
L003099,3098
L003100,3099
L003101,3100
L003102,3101
L003103,3102
L003104,3103
L003105,3104
L003106,3105
L003107,3106
L003108,3107
L003109,3108
L003110,3109
L003111,3110
L003112,3111
L003113,3112
L003114,3113
L003115,3114
L003116,3115
L003117,3116
L003118,3117
L003119,3118
L003120,3119
L003121,3120
L003122,3121
L003123,3122
L003124,3123
L003125,3124
L003126,3125
L003127,3126
L003128,3127
L003129,3128
L003130,3129
L003131,3130
L003132,3131
L003133,3132
L003134,3133
L003135,3134
L003136,3135
L003137,3136
L003138,3137
L003139,3138
L003140,3139
L003141,3140
L003142,3141
L003143,3142
L003144,3143
L003145,3144
L003146,3145
L003147,3146
L003148,3147
L003149,3148
L003150,3149
L003151,3150
L003152,3151
L003153,3152
L003154,3153
L003155,3154
L003156,3155
L003157,3156
L003158,3157
L003159,3158
L003160,3159
L003161,3160
L003162,3161
L003163,3162
L003164,3163
L003165,3164
L003166,3165
L003167,3166
L003168,3167
L003169,3168
L003170,3169
L003171,3170
L003172,3171
L003173,3172
L003174,3173
L003175,3174
L003176,3175
L003177,3176
L003178,3177
L003179,3178
L003180,3179
L003181,3180
L003182,3181
L003183,3182
L003184,3183
L003185,3184
L003186,3185
L003187,3186
L003188,3187
L003189,3188
L003190,3189
L003191,3190
L003192,3191
L003193,3192
L003194,3193
L003195,3194
L003196,3195
L003197,3196
L003198,3197
L003199,3198
L003200,3199
L003201,3200
L003202,3201
L003203,3202
L003204,3203
L003205,3204
L003206,3205
L003207,3206
L003208,3207
L003209,3208
L003210,3209
L003211,3210
L003212,3211
L003213,3212
L003214,3213
L003215,3214
L003216,3215
L003217,3216
L003218,3217
L003219,3218
L003220,3219
L003221,3220
L003222,3221
L003223,3222
L003224,3223
L003225,3224
L003226,3225
L003227,3226
L003228,3227
L003229,3228
L003230,3229
L003231,3230
L003232,3231
L003233,3232
L003234,3233
L003235,3234
L003236,3235
L003237,3236
L003238,3237
L003239,3238
L003240,3239
L003241,3240
L003242,3241
L003243,3242
L003244,3243
L003245,3244
L003246,3245
L003247,3246
L003248,3247
L003249,3248
L003250,3249
L003251,3250
L003252,3251
L003253,3252
L003254,3253
L003255,3254
L003256,3255
L003257,3256
L003258,3257
L003259,3258
L003260,3259
L003261,3260
L003262,3261
L003263,3262
L003264,3263
L003265,3264
L003266,3265
L003267,3266
L003268,3267
L003269,3268
L003270,3269
L003271,3270
L003272,3271
L003273,3272
L003274,3273
L003275,3274
L003276,3275
L003277,3276
L003278,3277
L003279,3278
L003280,3279
L003281,3280
L003282,3281
L003283,3282
L003284,3283
L003285,3284
L003286,3285
L003287,3286
L003288,3287
L003289,3288
L003290,3289
L003291,3290
L003292,3291
L003293,3292
L003294,3293
L003295,3294
L003296,3295
L003297,3296
L003298,3297
L003299,3298
L003300,3299
L003301,3300
L003302,3301
L003303,3302
L003304,3303
L003305,3304
L003306,3305
L003307,3306
L003308,3307
L003309,3308
L003310,3309
L003311,3310
L003312,3311
L003313,3312
L003314,3313
L003315,3314
L003316,3315
L003317,3316
L003318,3317
L003319,3318
L003320,3319
L003321,3320
L003322,3321
L003323,3322
L003324,3323
L003325,3324
L003326,3325
L003327,3326
L003328,3327
L003329,3328
L003330,3329
L003331,3330
L003332,3331
L003333,3332
L003334,3333
L003335,3334
L003336,3335
L003337,3336
L003338,3337
L003339,3338
L003340,3339
L003341,3340
L003342,3341
L003343,3342
L003344,3343
L003345,3344
L003346,3345
L003347,3346
L003348,3347
L003349,3348
L003350,3349
L003351,3350
L003352,3351
L003353,3352
L003354,3353
L003355,3354
L003356,3355
L003357,3356
L003358,3357
L003359,3358
L003360,3359
L003361,3360
L003362,3361
L003363,3362
L003364,3363
L003365,3364
L003366,3365
L003367,3366
L003368,3367
L003369,3368
L003370,3369
L003371,3370
L003372,3371
L003373,3372
L003374,3373
L003375,3374
L003376,3375
L003377,3376
L003378,3377
L003379,3378
L003380,3379
L003381,3380
L003382,3381
L003383,3382
L003384,3383
L003385,3384
L003386,3385
L003387,3386
L003388,3387
L003389,3388
L003390,3389
L003391,3390
L003392,3391
L003393,3392
L003394,3393
L003395,3394
L003396,3395
L003397,3396
L003398,3397
L003399,3398
L003400,3399
L003401,3400
L003402,3401
L003403,3402
L003404,3403
L003405,3404
L003406,3405
L003407,3406
L003408,3407
L003409,3408
L003410,3409
L003411,3410
L003412,3411
L003413,3412
L003414,3413
L003415,3414
L003416,3415
L003417,3416
L003418,3417
L003419,3418
L003420,3419
L003421,3420
L003422,3421
L003423,3422
L003424,3423
L003425,3424
L003426,3425
L003427,3426
L003428,3427
L003429,3428
L003430,3429
L003431,3430
L003432,3431
L003433,3432
L003434,3433
L003435,3434
L003436,3435
L003437,3436
L003438,3437
L003439,3438
L003440,3439
L003441,3440
L003442,3441
L003443,3442
L003444,3443
L003445,3444
L003446,3445
L003447,3446
L003448,3447
L003449,3448
L003450,3449
L003451,3450
L003452,3451
L003453,3452
L003454,3453
L003455,3454
L003456,3455
L003457,3456
L003458,3457
L003459,3458
L003460,3459
L003461,3460
L003462,3461
L003463,3462
L003464,3463
L003465,3464
L003466,3465
L003467,3466
L003468,3467
L003469,3468
L003470,3469
L003471,3470
L003472,3471
L003473,3472
L003474,3473
L003475,3474
L003476,3475
L003477,3476
L003478,3477
L003479,3478
L003480,3479
L003481,3480
L003482,3481
L003483,3482
L003484,3483
L003485,3484
L003486,3485
L003487,3486
L003488,3487
L003489,3488
L003490,3489
L003491,3490
L003492,3491
L003493,3492
L003494,3493
L003495,3494
L003496,3495
L003497,3496
L003498,3497
L003499,3498
L003500,3499
L003501,3500
L003502,3501
L003503,3502
L003504,3503
L003505,3504
L003506,3505
L003507,3506
L003508,3507
L003509,3508
L003510,3509
L003511,3510
L003512,3511
L003513,3512
L003514,3513
L003515,3514
L003516,3515
L003517,3516
L003518,3517
L003519,3518
L003520,3519
L003521,3520
L003522,3521
L003523,3522
L003524,3523
L003525,3524
L003526,3525
L003527,3526
L003528,3527
L003529,3528
L003530,3529
L003531,3530
L003532,3531
L003533,3532
L003534,3533
L003535,3534
L003536,3535
L003537,3536
L003538,3537
L003539,3538
L003540,3539
L003541,3540
L003542,3541
L003543,3542
L003544,3543
L003545,3544
L003546,3545
L003547,3546
L003548,3547
L003549,3548
L003550,3549
L003551,3550
L003552,3551
L003553,3552
L003554,3553
L003555,3554
L003556,3555
L003557,3556
L003558,3557
L003559,3558
L003560,3559
L003561,3560
L003562,3561
L003563,3562
L003564,3563
L003565,3564
L003566,3565
L003567,3566
L003568,3567
L003569,3568
L003570,3569
L003571,3570
L003572,3571
L003573,3572
L003574,3573
L003575,3574
L003576,3575
L003577,3576
L003578,3577
L003579,3578
L003580,3579
L003581,3580
L003582,3581
L003583,3582
L003584,3583
L003585,3584
L003586,3585
L003587,3586
L003588,3587
L003589,3588
L003590,3589
L003591,3590
L003592,3591
L003593,3592
L003594,3593
L003595,3594
L003596,3595
L003597,3596
L003598,3597
L003599,3598
L003600,3599
L003601,3600
L003602,3601
L003603,3602
L003604,3603
L003605,3604
L003606,3605
L003607,3606
L003608,3607
L003609,3608
L003610,3609
L003611,3610
L003612,3611
L003613,3612
L003614,3613
L003615,3614
L003616,3615
L003617,3616
L003618,3617
L003619,3618
L003620,3619
L003621,3620
L003622,3621
L003623,3622
L003624,3623
L003625,3624
L003626,3625
L003627,3626
L003628,3627
L003629,3628
L003630,3629
L003631,3630
L003632,3631
L003633,3632
L003634,3633
L003635,3634
L003636,3635
L003637,3636
L003638,3637
L003639,3638
L003640,3639
L003641,3640
L003642,3641
L003643,3642
L003644,3643
L003645,3644
L003646,3645
L003647,3646
L003648,3647
L003649,3648
L003650,3649
L003651,3650
L003652,3651
L003653,3652
L003654,3653
L003655,3654
L003656,3655
L003657,3656
L003658,3657
L003659,3658
L003660,3659
L003661,3660
L003662,3661
L003663,3662
L003664,3663
L003665,3664
L003666,3665
L003667,3666
L003668,3667
L003669,3668
L003670,3669
L003671,3670
L003672,3671
L003673,3672
L003674,3673
L003675,3674
L003676,3675
L003677,3676
L003678,3677
L003679,3678
L003680,3679
L003681,3680
L003682,3681
L003683,3682
L003684,3683
L003685,3684
L003686,3685
L003687,3686
L003688,3687
L003689,3688
L003690,3689
L003691,3690
L003692,3691
L003693,3692
L003694,3693
L003695,3694
L003696,3695
L003697,3696
L003698,3697
L003699,3698
L003700,3699
L003701,3700
L003702,3701
L003703,3702
L003704,3703
L003705,3704
L003706,3705
L003707,3706
L003708,3707
L003709,3708
L003710,3709
L003711,3710
L003712,3711
L003713,3712
L003714,3713
L003715,3714
L003716,3715
L003717,3716
L003718,3717
L003719,3718
L003720,3719
L003721,3720
L003722,3721
L003723,3722
L003724,3723
L003725,3724
L003726,3725
L003727,3726
L003728,3727
L003729,3728
L003730,3729
L003731,3730
L003732,3731
L003733,3732
L003734,3733
L003735,3734
L003736,3735
L003737,3736
L003738,3737
L003739,3738
L003740,3739
L003741,3740
L003742,3741
L003743,3742
L003744,3743
L003745,3744
L003746,3745
L003747,3746
L003748,3747
L003749,3748
L003750,3749
L003751,3750
L003752,3751
L003753,3752
L003754,3753
L003755,3754
L003756,3755
L003757,3756
L003758,3757
L003759,3758
L003760,3759
L003761,3760
L003762,3761
L003763,3762
L003764,3763
L003765,3764
L003766,3765
L003767,3766
L003768,3767
L003769,3768
L003770,3769
L003771,3770
L003772,3771
L003773,3772
L003774,3773
L003775,3774
L003776,3775
L003777,3776
L003778,3777
L003779,3778
L003780,3779
L003781,3780
L003782,3781
L003783,3782
L003784,3783
L003785,3784
L003786,3785
L003787,3786
L003788,3787
L003789,3788
L003790,3789
L003791,3790
L003792,3791
L003793,3792
L003794,3793
L003795,3794
L003796,3795
L003797,3796
L003798,3797
L003799,3798
L003800,3799
L003801,3800
L003802,3801
L003803,3802
L003804,3803
L003805,3804
L003806,3805
L003807,3806
L003808,3807
L003809,3808
L003810,3809
L003811,3810
L003812,3811
L003813,3812
L003814,3813
L003815,3814
L003816,3815
L003817,3816
L003818,3817
L003819,3818
L003820,3819
L003821,3820
L003822,3821
L003823,3822
L003824,3823
L003825,3824
L003826,3825
L003827,3826
L003828,3827
L003829,3828
L003830,3829
L003831,3830
L003832,3831
L003833,3832
L003834,3833
L003835,3834
L003836,3835
L003837,3836
L003838,3837
L003839,3838
L003840,3839
L003841,3840
L003842,3841
L003843,3842
L003844,3843
L003845,3844
L003846,3845
L003847,3846
L003848,3847
L003849,3848
L003850,3849
L003851,3850
L003852,3851
L003853,3852
L003854,3853
L003855,3854
L003856,3855
L003857,3856
L003858,3857
L003859,3858
L003860,3859
L003861,3860
L003862,3861
L003863,3862
L003864,3863
L003865,3864
L003866,3865
L003867,3866
L003868,3867
L003869,3868
L003870,3869
L003871,3870
L003872,3871
L003873,3872
L003874,3873
L003875,3874
L003876,3875
L003877,3876
L003878,3877
L003879,3878
L003880,3879
L003881,3880
L003882,3881
L003883,3882
L003884,3883
L003885,3884
L003886,3885
L003887,3886
L003888,3887
L003889,3888
L003890,3889
L003891,3890
L003892,3891
L003893,3892
L003894,3893
L003895,3894
L003896,3895
L003897,3896
L003898,3897
L003899,3898
L003900,3899
L003901,3900
L003902,3901
L003903,3902
L003904,3903
L003905,3904
L003906,3905
L003907,3906
L003908,3907
L003909,3908
L003910,3909
L003911,3910
L003912,3911
L003913,3912
L003914,3913
L003915,3914
L003916,3915
L003917,3916
L003918,3917
L003919,3918
L003920,3919
L003921,3920
L003922,3921
L003923,3922
L003924,3923
L003925,3924
L003926,3925
L003927,3926
L003928,3927
L003929,3928
L003930,3929
L003931,3930
L003932,3931
L003933,3932
L003934,3933
L003935,3934
L003936,3935
L003937,3936
L003938,3937
L003939,3938
L003940,3939
L003941,3940
L003942,3941
L003943,3942
L003944,3943
L003945,3944
L003946,3945
L003947,3946
L003948,3947
L003949,3948
L003950,3949
L003951,3950
L003952,3951
L003953,3952
L003954,3953
L003955,3954
L003956,3955
L003957,3956
L003958,3957
L003959,3958
L003960,3959
L003961,3960
L003962,3961
L003963,3962
L003964,3963
L003965,3964
L003966,3965
L003967,3966
L003968,3967
L003969,3968
L003970,3969
L003971,3970
L003972,3971
L003973,3972
L003974,3973
L003975,3974
L003976,3975
L003977,3976
L003978,3977
L003979,3978
L003980,3979
L003981,3980
L003982,3981
L003983,3982
L003984,3983
L003985,3984
L003986,3985
L003987,3986
L003988,3987
L003989,3988
L003990,3989
L003991,3990
L003992,3991
L003993,3992
L003994,3993
L003995,3994
L003996,3995
L003997,3996
L003998,3997
L003999,3998
L004000,3999
