set,id_set
S0001,0
S0002,1
S0003,2
S0004,3
S0005,4
S0006,5
S0007,6
S0008,7
S0009,8
S0010,9
S0011,10
S0012,11
S0013,12
S0014,13
S0015,14
S0016,15
S0017,16
S0018,17
S0019,18
S0020,19
S0021,20
S0022,21
S0023,22
S0024,23
S0025,24
S0026,25
S0027,26
S0028,27
S0029,28
S0030,29
S0031,30
S0032,31
S0033,32
S0034,33
S0035,34
S0036,35
S0037,36
S0038,37
S0039,38
S0040,39
S0041,40
S0042,41
S0043,42
S0044,43
S0045,44
S0046,45
S0047,46
S0048,47
S0049,48
S0050,49
S0051,50
S0052,51
S0053,52
S0054,53
S0055,54
S0056,55
S0057,56
S0058,57
S0059,58
S0060,59
S0061,60
S0062,61
S0063,62
S0064,63
S0065,64
S0066,65
S0067,66
S0068,67
S0069,68
S0070,69
S0071,70
S0072,71
S0073,72
S0074,73
S0075,74
S0076,75
S0077,76
S0078,77
S0079,78
S0080,79
