periodo,cod_distrito,nro_inspecciones,nro_notificaciones,nro_notif_causal4,nro_notif_causal4_val,nro_cuentas_insp,nro_cuentas_notif_causal4,recupero,recupero_causal4,sums_distrito,dist_ult_insp
201901,D01,618,182,128,148956683,311,54,82481172,107839257,949,1193
201901,D02,573,169,124,121681247,275,49,78529458,78109205,946,1199
201901,D03,497,127,90,114776648,249,37,50493518,78769405,842,1198
201901,D04,552,138,108,122444656,267,47,74645891,79983793,951,1197
201901,D05,526,158,101,117698868,281,40,65235120,78351600,918,1198
201901,D06,580,149,105,105496728,304,44,69450300,73352947,939,1199
201901,D07,554,153,97,108423233,277,41,65299593,73661302,951,1192
201901,D08,663,202,140,146920105,330,53,94405554,99484037,943,1197
201901,D09,571,169,127,153350944,283,48,85657405,108241644,937,1198
201901,D10,565,148,93,80336110,309,35,61564980,57422811,934,1196
201901,D11,602,206,155,159486622,302,57,80319243,102085083,988,1196
201901,D12,521,153,97,96232373,282,36,53166028,62277713,915,1191
201902,D01,581,174,120,113922784,296,45,71564840,76260075,916,1187
201902,D02,567,156,100,98827887,288,42,62010573,61373454,945,1196
201902,D03,577,190,127,122039203,301,45,80372139,85065981,944,1198
201902,D04,600,190,124,125747395,298,50,80685513,85363655,967,1191
201902,D05,558,162,101,89587507,278,42,61156441,66901946,894,1183
201902,D06,612,197,142,129649308,312,56,97058870,87489393,1002,1196
201902,D07,635,193,129,141542821,320,53,75193483,95755238,982,1184
201902,D08,590,203,144,159333586,295,54,77840189,111819786,932,1190
201902,D09,622,157,116,120473082,294,52,90934538,83622852,936,1199
201902,D10,519,151,105,110584798,269,40,55492255,67732610,946,1195
201902,D11,643,182,119,136078468,320,54,82238847,89760658,976,1195
201902,D12,568,161,122,144597775,289,47,77648342,95313656,977,1195
201903,D01,626,194,128,141084719,322,48,84670683,96510693,1002,1194
201903,D02,614,199,118,124592559,303,46,68412827,83514640,957,1193
201903,D03,638,198,132,132032563,296,53,82240088,90653610,953,1179
201903,D04,534,160,100,91743613,280,36,60405367,64340836,938,1199
201903,D05,653,224,159,164547010,303,62,101035430,116877633,883,1193
201903,D06,557,139,76,73397424,279,37,51391658,48991222,969,1168
201903,D07,544,172,123,118327522,256,52,73697265,83061879,971,1196
201903,D08,600,189,119,120162506,326,52,79959877,86789130,980,1199
201903,D09,548,149,79,74412420,292,33,55471395,50263919,934,1192
201903,D10,591,170,103,114928314,308,44,72372680,75847756,990,1195
201903,D11,569,163,103,101343930,275,42,60847893,68044193,926,1195
201903,D12,526,164,123,129823608,273,47,69112567,90798430,936,1199
201904,D01,606,188,119,117553068,298,51,81325618,78917622,977,1194
201904,D02,561,158,103,77952587,297,41,67732258,55032987,930,1186
201904,D03,526,151,109,117110105,271,44,66106731,79486889,918,1187
201904,D04,540,159,105,107872732,280,44,71472497,78746321,938,1199
201904,D05,568,181,133,152409393,285,48,82126781,109840713,927,1196
201904,D06,599,178,124,126045402,289,49,78967794,86407982,976,1192
201904,D07,570,164,111,109461235,285,45,77860875,75334204,931,1198
201904,D08,592,202,138,138521684,283,51,75822283,99131586,929,1198
201904,D09,551,169,111,93032830,267,44,62443695,58480809,848,1187
201904,D10,550,174,119,133875041,272,49,80859333,86744339,916,1199
201904,D11,588,164,99,116908380,297,41,65176017,79422298,963,1196
201904,D12,618,157,111,117864596,306,47,58859826,80714825,1000,1182
201905,D01,564,142,89,90363573,298,34,55367762,60979967,952,1196
201905,D02,577,160,101,113750562,299,43,66207363,80573511,940,1195
201905,D03,546,185,125,127046599,279,50,79965222,86358269,896,1190
201905,D04,571,164,108,123066300,272,41,60202090,80497056,943,1194
201905,D05,638,186,130,136607044,298,52,85454360,85152522,946,1170
201905,D06,551,168,101,103479617,270,44,74395849,65025809,933,1197
201905,D07,581,174,109,105962184,296,46,70816289,72210065,912,1199
201905,D08,595,194,139,149675344,300,54,85830371,100745877,932,1192
201905,D09,550,149,102,106746077,272,41,67471493,75378163,901,1199
201905,D10,574,194,121,117246183,289,42,69841734,75348408,926,1194
201905,D11,623,178,116,127394238,302,47,80418634,83024843,951,1189
201905,D12,508,132,78,60142747,267,35,53319829,42474932,914,1196
201906,D01,592,157,103,112978647,294,41,61484436,76876875,900,1199
201906,D02,614,174,106,120518716,301,43,78006522,81375674,939,1197
201906,D03,589,196,139,150370894,277,53,83241773,98766839,936,1191
201906,D04,531,143,81,82789959,281,31,46663244,63857394,895,1196
201906,D05,583,182,120,147496399,300,43,77889155,104911761,955,1199
201906,D06,598,174,121,130390416,288,51,75140972,86710461,926,1192
201906,D07,568,149,108,102032649,290,46,71708656,69097200,915,1197
201906,D08,533,162,119,128078398,269,47,73470181,82030383,935,1197
201906,D09,580,194,122,122028701,314,41,68506590,82572286,994,1198
201906,D10,530,141,109,110989113,266,41,67205663,77851256,953,1193
201906,D11,569,168,115,121838982,287,45,72047570,81573170,915,1192
201906,D12,555,185,118,135015348,275,42,63378717,91064674,931,1194
201907,D01,612,196,128,142238465,309,48,62507448,92346991,959,1195
201907,D02,561,177,117,113405055,273,45,68872579,78924773,912,1180
201907,D03,600,168,108,108435712,300,46,69837134,73226704,949,1194
201907,D04,610,160,110,106011314,298,49,68635494,72620348,926,1195
201907,D05,538,143,103,84690418,276,42,69426484,56164291,934,1199
201907,D06,597,185,114,138582393,290,45,65431246,99985931,939,1198
201907,D07,616,188,121,120090596,314,48,70143474,86617441,951,1197
201907,D08,561,156,98,94222308,282,45,66691587,62642247,924,1198
201907,D09,567,151,97,119499619,289,44,69523434,79702399,958,1188
201907,D10,633,214,147,149170307,320,56,84577449,97953856,957,1195
201907,D11,524,136,81,78420077,277,33,56683997,55015583,900,1193
201907,D12,677,200,128,146154460,324,52,78763254,97581674,941,1198
201908,D01,584,176,128,120106178,292,50,79147684,78997475,901,1188
201908,D02,486,148,89,104994079,272,36,62608591,74492542,890,1198
201908,D03,641,201,144,153098996,294,59,86746206,105237907,934,1191
201908,D04,591,208,159,153251688,290,58,76174537,102689136,936,1199
201908,D05,577,167,111,103866298,296,46,73231675,71871277,956,1198
201908,D06,571,155,102,92706777,297,45,76094452,61456115,948,1186
201908,D07,533,123,80,87621896,276,35,55934284,55059295,920,1199
201908,D08,529,172,125,127217234,276,45,69210560,82361722,948,1196
201908,D09,591,194,137,129529812,280,50,71112535,93202426,946,1195
201908,D10,639,193,118,124514011,331,44,65168321,84256944,990,1193
201908,D11,577,189,118,128028890,298,47,67403825,97404923,943,1199
201908,D12,606,168,111,87636757,299,50,69405403,54864422,965,1195
201909,D01,608,191,127,112686072,294,47,73336866,71052404,945,1199
201909,D02,629,184,108,128307703,307,44,60244347,93690277,944,1197
201909,D03,525,166,102,102991445,277,39,57813298,71770430,881,1184
201909,D04,650,207,139,151437124,305,54,86934775,105006482,973,1184
201909,D05,544,177,132,137449011,274,55,82237920,93730695,904,1196
201909,D06,609,187,139,147919795,288,56,78984403,99902745,952,1188
201909,D07,507,168,110,115742646,261,42,52439625,84228153,918,1197
201909,D08,580,203,132,157299730,284,49,72159625,111902190,973,1178
201909,D09,585,193,130,122900724,302,49,65764275,78626002,1007,1196
201909,D10,596,180,114,132348359,291,50,82969156,98100223,920,1197
201909,D11,547,171,104,109232907,269,42,65737905,75780833,925,1193
201909,D12,517,151,90,83364005,266,37,52897519,56677504,946,1199
201910,D01,539,155,89,95401405,279,37,64598996,65025261,898,1195
201910,D02,543,169,124,141247875,256,48,79421645,96608950,887,1198
201910,D03,538,136,98,105987450,272,41,57562153,69307306,1016,1192
201910,D04,552,185,120,154435050,300,44,69950865,105553007,963,1196
201910,D05,519,165,113,103874609,260,46,59052108,75369449,888,1198
201910,D06,609,182,116,117914463,307,44,63722051,76273453,954,1199
201910,D07,562,167,111,114780029,296,46,78577983,79037588,923,1199
201910,D08,502,125,81,100851960,257,32,49925936,75098942,914,1199
201910,D09,590,135,72,79707824,302,32,46570499,54942269,873,1185
201910,D10,580,169,126,164053012,279,47,77752248,117133654,919,1192
201910,D11,608,204,139,161476557,300,55,84831605,108121986,961,1198
201910,D12,586,178,143,148118174,280,58,92611424,106063742,882,1197
201911,D01,658,199,135,147927027,331,53,84367257,100936570,1038,1191
201911,D02,566,195,133,123369068,279,53,84027211,86648800,931,1194
201911,D03,608,203,146,150946765,286,60,90063469,105326409,968,1195
201911,D04,561,170,119,135683001,292,42,67652830,97666811,951,1191
201911,D05,614,137,110,116390891,305,49,73428517,85451113,943,1195
201911,D06,580,178,129,113585628,294,62,92876913,75710855,926,1192
201911,D07,603,176,126,118968559,301,46,67455401,85953117,920,1197
201911,D08,598,209,142,139475480,292,52,80894070,88718066,938,1197
201911,D09,593,171,127,141789184,291,54,95698138,97926077,954,1190
201911,D10,570,202,134,140234428,294,49,68746042,92975692,912,1190
201911,D11,582,159,100,108317473,290,44,68795309,69065687,936,1192
201911,D12,544,164,116,124368783,282,46,83432204,92648481,913,1193
201912,D01,595,192,124,129105335,294,53,81162113,95062193,920,1198
201912,D02,591,186,128,129906753,309,48,67260935,89121294,1019,1185
201912,D03,552,176,132,147652615,280,55,80753093,104401446,901,1196
201912,D04,615,194,124,137840436,301,48,70619841,92422086,969,1196
201912,D05,596,177,115,111815512,304,46,81725924,75969273,987,1195
201912,D06,573,156,117,123369275,283,50,79692185,79468387,977,1197
201912,D07,582,192,137,130117519,308,50,80175085,87298300,926,1198
201912,D08,541,117,75,82439957,274,32,49817283,53675151,897,1187
201912,D09,520,145,86,77282867,265,36,50910561,56751138,891,1199
201912,D10,613,183,120,109175174,292,46,61468178,77925844,938,1186
201912,D11,639,196,142,158255772,297,59,88200694,101119355,966,1195
201912,D12,612,161,109,119151319,303,42,64382838,78182067,970,1198
202001,D01,607,209,157,139369092,282,57,84076733,94129436,928,1197
202001,D02,658,176,114,128800819,330,52,78569716,83754970,925,1193
202001,D03,552,174,109,119751159,279,43,60216035,79245795,866,1192
202001,D04,578,167,103,110003711,279,44,66958270,70029073,939,1194
202001,D05,617,162,101,100178674,308,47,77253786,67192710,971,1197
202001,D06,624,215,148,152030316,292,57,100070419,105711524,928,1195
202001,D07,502,170,119,117833656,248,46,72818371,79271226,894,1198
202001,D08,638,210,159,145850552,320,61,94914739,97465383,994,1192
202001,D09,601,139,94,118267792,313,41,61360226,76492981,944,1193
202001,D10,562,172,123,135298450,284,50,84964709,96135640,921,1194
202001,D11,533,173,114,100988573,262,43,63131259,71205586,905,1196
202001,D12,606,173,119,135375544,294,52,79798714,96544536,959,1155
202002,D01,635,195,134,132041465,310,51,71396796,89193683,931,1191
202002,D02,572,170,113,113273554,302,43,53723702,72882761,942,1194
202002,D03,536,172,116,130602704,283,45,70314086,92822231,918,1198
202002,D04,647,211,145,159022805,319,59,95129629,106890131,1012,1196
202002,D05,593,188,136,156381741,282,50,83691409,101740811,931,1195
202002,D06,571,164,116,121616714,279,49,74268180,84473093,944,1183
202002,D07,694,250,165,173383902,338,59,99945469,120149131,956,1195
202002,D08,568,171,113,109662992,293,44,71429788,78753348,940,1183
202002,D09,651,172,119,130127916,313,53,78052185,89870795,960,1192
202002,D10,670,204,130,136604927,325,52,73823933,92089590,946,1197
202002,D11,604,146,91,97777949,304,37,66013223,66478907,1002,1199
202002,D12,630,194,120,150333953,315,48,74451662,93904735,957,1185
202003,D01,565,157,101,99810378,292,43,68924014,65566512,918,1177
202003,D02,509,152,95,101592512,283,39,64584735,68668988,958,1169
202003,D03,567,170,115,115659546,276,44,69087388,79323863,941,1199
202003,D04,585,196,139,146687692,290,57,83582256,103781614,931,1180
202003,D05,564,172,121,116274308,301,43,61104326,79383377,900,1195
202003,D06,599,186,118,125553187,300,52,86166763,81679844,923,1191
202003,D07,531,140,97,118932388,265,42,60069086,86630749,879,1195
202003,D08,569,184,125,132289882,288,47,79212291,90030121,920,1199
202003,D09,550,154,100,97258949,270,39,57597374,68335895,901,1174
202003,D10,586,178,122,115576952,293,50,63147370,78692395,928,1194
202003,D11,492,128,87,88120275,275,35,49000145,60365772,930,1169
202003,D12,597,162,111,124892844,294,50,72436364,89678179,962,1193
202004,D01,577,143,90,85610150,298,37,61026790,55537764,956,1189
202004,D02,546,155,109,123430869,268,50,83015524,86253529,901,1198
202004,D03,557,150,89,96654766,294,40,66849232,66186448,956,1199
202004,D04,657,199,144,162300080,309,55,83744045,107112183,922,1198
202004,D05,593,165,123,129280863,296,47,75254955,89481234,939,1195
202004,D06,572,155,91,89329447,305,41,56935916,59291577,933,1198
202004,D07,611,180,141,173259388,291,51,74630582,122257031,924,1183
202004,D08,702,185,128,130439369,332,51,80749974,84518390,969,1199
202004,D09,576,155,103,104802645,300,40,56206959,68656964,970,1195
202004,D10,583,172,107,101261312,293,45,66713171,73248205,944,1195
202004,D11,519,164,113,115088969,275,44,66610237,79215301,910,1191
202004,D12,546,165,107,110495849,253,43,70551264,77091728,913,1196
202005,D01,678,228,167,178362195,321,66,95264121,124219751,981,1193
202005,D02,574,178,114,118996313,308,48,62587941,79299712,932,1197
202005,D03,646,200,149,161707272,325,61,95662250,102596458,961,1192
202005,D04,579,188,123,130371578,302,50,82557024,89343068,929,1198
202005,D05,556,175,114,117951220,269,51,84467920,83799950,882,1181
202005,D06,533,170,118,128704620,262,41,69257039,90408176,930,1196
202005,D07,478,152,99,102210724,258,36,52338563,70614082,879,1181
202005,D08,574,177,125,145315603,296,52,83455076,96243648,949,1199
202005,D09,625,193,126,130266449,313,50,79987121,93596896,999,1179
202005,D10,705,248,183,190649128,306,72,105744236,130881098,928,1198
202005,D11,607,178,113,139955552,287,49,60575780,96505909,930,1199
202005,D12,646,203,152,146107715,304,62,94219386,103453141,966,1199
202006,D01,594,192,139,138929892,302,53,86576838,92734782,910,1197
202006,D02,532,198,143,129083745,270,56,82060766,88653545,922,1185
202006,D03,588,158,100,100393426,302,39,59221542,70547141,942,1199
202006,D04,593,170,125,136478015,281,50,66806191,97449122,924,1193
202006,D05,588,203,135,156067758,278,50,81914304,104255951,896,1199
202006,D06,611,183,141,146842274,283,62,98094421,102394824,943,1199
202006,D07,548,134,98,101180424,276,39,60364942,68677696,942,1196
202006,D08,518,170,113,121894669,262,44,74665088,87145897,879,1183
202006,D09,586,181,133,143935640,285,51,79075400,100361481,936,1194
202006,D10,564,162,89,95709096,302,34,57285193,64587411,977,1196
202006,D11,588,173,122,132639221,288,47,74265760,83922908,927,1195
202006,D12,574,160,109,113611324,291,41,63871444,82767856,969,1197
202007,D01,514,176,120,122353072,267,43,61736351,85061272,959,1198
202007,D02,611,198,147,154746131,285,57,92483711,109680110,932,1188
202007,D03,610,184,114,119883198,302,45,73552068,79337573,973,1190
202007,D04,544,150,92,99362485,282,38,57376972,65985270,906,1195
202007,D05,579,169,101,103118869,292,42,64793732,69353188,968,1195
202007,D06,568,210,152,151766459,277,58,90768411,105444550,914,1198
202007,D07,586,175,131,131860044,284,44,65643795,91244456,884,1198
202007,D08,689,199,159,156945109,323,66,108675190,104174805,960,1192
202007,D09,523,157,106,106928931,267,40,66956572,73683244,892,1182
202007,D10,542,134,98,122108008,289,34,58062999,83142828,967,1193
202007,D11,579,200,141,142717879,292,63,93817747,95960651,972,1199
202007,D12,586,159,107,133145594,302,40,56251298,93772849,912,1197
202008,D01,540,171,116,132199372,292,47,69160861,95174965,954,1197
202008,D02,562,161,104,99324249,294,43,73718536,68820444,962,1190
202008,D03,612,180,122,135732869,315,50,68920148,92739104,920,1195
202008,D04,656,209,133,141726216,326,48,70207828,96696980,939,1194
202008,D05,549,140,84,95546575,280,36,47478906,57049815,894,1193
202008,D06,616,186,135,163580575,298,58,91688937,111854460,952,1198
202008,D07,601,167,106,111544813,295,48,74747753,76046024,936,1194
202008,D08,605,183,122,116069110,308,50,80568966,74309861,1004,1185
202008,D09,598,172,104,98028056,281,41,64993610,60857328,925,1199
202008,D10,543,173,119,115494947,288,54,77512902,75763878,917,1199
202008,D11,509,122,72,73367795,286,32,48481354,45957246,930,1198
202008,D12,559,178,113,124906823,272,44,69755190,80189945,896,1190
202009,D01,579,167,104,105203063,290,46,71152554,68436814,920,1187
202009,D02,627,153,125,125247810,322,50,80647097,86706794,926,1186
202009,D03,669,209,134,145769557,327,48,73562472,99760292,1010,1196
202009,D04,601,174,118,128311243,295,50,78920587,85033382,916,1184
202009,D05,568,169,105,107707166,294,48,76408556,72635194,925,1199
202009,D06,548,155,114,99585057,281,44,74415895,68645921,947,1189
202009,D07,512,175,131,156958776,252,49,75657575,105495583,923,1190
202009,D08,643,215,148,158269524,334,51,78810394,105515535,932,1199
202009,D09,531,163,111,125467203,271,40,62407510,82612844,922,1195
202009,D10,495,132,75,85821943,281,31,45885247,62519099,920,1193
202009,D11,559,160,96,111758763,295,44,72535314,77338411,970,1198
202009,D12,584,182,116,144545954,297,46,66506405,94201426,876,1184
202010,D01,528,151,96,88127289,271,40,62250174,60200971,924,1197
202010,D02,574,171,131,134402411,270,50,78590161,88074885,931,1195
202010,D03,569,181,111,114283866,275,45,73889495,76267557,964,1198
202010,D04,595,184,111,124711320,310,42,76957672,87770129,972,1199
202010,D05,597,176,123,131661801,282,48,79056306,91220782,964,1196
202010,D06,574,169,104,107593289,300,39,62855754,67176545,945,1199
202010,D07,601,171,94,100030437,330,37,54037635,61599168,1019,1190
202010,D08,547,131,92,102292440,288,39,66570255,69532586,954,1188
202010,D09,593,176,122,128609870,302,48,71446670,82794879,962,1193
202010,D10,580,191,122,130953236,273,51,82612089,92180686,903,1197
202010,D11,570,142,93,95554956,309,42,64032017,63043543,948,1198
202010,D12,520,140,93,107831280,258,40,64634770,69402354,867,1199
202011,D01,554,162,111,118351181,264,46,76791053,84597847,880,1187
202011,D02,572,173,118,125624131,294,44,71248754,92078392,960,1195
202011,D03,620,178,122,140142897,286,50,77803170,100462643,922,1199
202011,D04,630,208,154,162034553,291,60,82825746,107607466,981,1193
202011,D05,633,197,129,144521459,317,48,66954710,95463486,985,1193
202011,D06,609,178,128,135574214,299,51,80469901,92045450,920,1199
202011,D07,570,166,113,114090700,284,48,72231119,77960171,940,1198
202011,D08,519,151,101,112194586,268,41,59991028,82787028,884,1189
202011,D09,593,181,113,121872279,307,45,66826703,88705366,941,1192
202011,D10,552,159,114,135772228,271,42,70000621,95792032,892,1194
202011,D11,572,169,121,132252242,279,48,86331381,82856212,916,1199
202011,D12,605,167,111,115736304,319,45,73542982,74849166,990,1191
202012,D01,576,157,103,107409052,283,42,63845988,74926263,935,1147
202012,D02,633,194,129,146617096,315,55,89202161,91090399,947,1194
202012,D03,551,173,111,110251595,286,45,74520878,75479892,888,1190
202012,D04,598,162,107,97464340,297,40,62850410,65881864,932,1188
202012,D05,582,203,152,177553693,300,55,95587268,122483439,963,1193
202012,D06,509,142,104,94552473,248,43,63987522,64223868,853,1190
202012,D07,640,192,119,118096171,309,49,77410404,78686674,948,1196
202012,D08,566,139,79,88446985,289,34,49072467,61250456,952,1196
202012,D09,538,164,109,113467650,261,50,72309501,78073483,965,1198
202012,D10,575,177,127,131395985,301,47,71280939,89116976,915,1196
202012,D11,612,180,115,121818560,309,48,67848013,77085253,931,1198
202012,D12,601,171,114,119174279,317,41,61833500,82238587,932,1186
