periodo,marca,nro_inspecciones,nro_notificaciones,nro_notif_causal4,nro_notif_causal4_val,nro_cuentas_insp,nro_cuentas_notif_causal4,recupero,recupero_causal4,sums_marca,dist_ult_insp
201901,M1,1080,331,230,255655204,543,91,145491179,184396749,1792,1199
201901,M2,1228,333,225,250825102,614,93,151905126,175261837,1947,1196
201901,M3,1065,306,234,248136765,547,93,141327861,159200415,1857,1198
201901,M4,1085,333,237,261533034,573,93,160078678,177409448,1883,1198
201901,M5,1114,314,212,235435774,568,83,120054182,153102162,1871,1197
201901,M6,1250,337,227,224218338,625,88,142391236,150208186,1863,1193
201902,M1,1162,362,250,262278911,581,95,137195359,176133755,1891,1183
201902,M2,1230,398,281,285721455,614,113,171502395,194809859,1951,1199
201902,M3,1270,399,271,288687125,636,112,171310887,194411629,1940,1199
201902,M4,1141,337,235,231475900,585,88,143615895,151751237,1865,1186
201902,M5,1203,330,221,221873323,601,98,176087805,154222366,1904,1198
201902,M6,1066,290,191,202347900,543,74,112483689,135130458,1866,1195
201903,M1,1152,343,203,216038476,574,81,128206831,148744549,1905,1199
201903,M2,1262,414,283,269574528,620,109,174492078,185815826,1927,1199
201903,M3,1097,347,237,258947539,558,94,137280262,175202535,1915,1193
201903,M4,1215,357,225,215469741,607,93,148961552,149122619,1944,1196
201903,M5,1116,325,214,216501598,583,82,119396309,154364802,1894,1195
201903,M6,1158,335,201,209864306,571,93,151280698,142443610,1854,1196
201904,M1,1114,278,177,178498915,569,72,114260930,117399531,1855,1188
201904,M2,1098,326,234,233729288,554,91,136668663,165383347,1909,1193
201904,M3,1107,330,216,204767912,562,92,150140241,137568098,1870,1199
201904,M4,1234,377,270,279557052,599,105,160518184,196507853,1891,1198
201904,M5,1181,405,283,308594525,557,105,159631362,214782313,1862,1199
201904,M6,1135,329,202,203459361,589,89,147534328,136619433,1866,1193
201905,M1,1132,343,231,237486223,573,87,146107496,161443593,1896,1194
201905,M2,1211,342,203,220313444,614,82,125955158,145017655,1939,1199
201905,M3,1045,301,191,168711725,537,78,132568552,108190471,1812,1189
201905,M4,1067,285,181,199285075,541,79,114901121,131569206,1779,1199
201905,M5,1245,399,269,282308090,611,100,150955950,190342826,1881,1199
201905,M6,1178,356,244,253375911,566,103,178802719,171205671,1839,1198
201906,M1,971,269,180,197451816,516,69,108726538,134217380,1728,1199
201906,M2,1113,374,260,271410154,562,93,157888626,185484261,1879,1191
201906,M3,1139,346,228,224835840,566,86,135262316,155466296,1807,1197
201906,M4,1192,353,249,284268917,600,92,138981995,195347750,1897,1198
201906,M5,1239,349,229,261932247,613,90,150820056,176312738,2003,1196
201906,M6,1188,334,215,224629248,585,94,147063948,149859548,1880,1199
201907,M1,1183,360,224,238147732,582,90,140695537,164585195,1780,1194
201907,M2,1241,370,260,256274528,599,101,151542988,170679980,1880,1199
201907,M3,1217,394,260,264328464,602,103,127849360,183763210,1901,1197
201907,M4,1160,321,193,187276568,605,82,133976269,134166640,1913,1198
201907,M5,1230,347,230,244532096,608,104,173991091,161787076,1920,1193
201907,M6,1065,282,185,210361336,556,73,103038335,137800137,1856,1195
201908,M1,1097,304,200,194967061,563,83,125452797,130125376,1836,1197
201908,M2,1112,406,285,274987237,557,107,164983426,191648651,1853,1196
201908,M3,1215,330,206,197271325,611,88,142838558,117876094,1921,1198
201908,M4,1167,341,237,231171214,598,97,136802461,164248177,1907,1199
201908,M5,1143,371,245,244647837,562,94,145636261,173598783,1913,1199
201908,M6,1191,342,249,269527942,610,96,136524570,184397103,1847,1199
201909,M1,1232,384,263,277078119,591,104,158780028,188818886,1906,1199
201909,M2,1241,412,277,291317685,587,107,161059495,201148044,1866,1197
201909,M3,1122,322,205,209656796,559,83,118578173,147642266,1852,1195
201909,M4,1102,325,202,225217307,578,83,114381238,163962129,1886,1197
201909,M5,1051,359,237,261187426,542,90,134262539,180875278,1853,1197
201909,M6,1149,376,243,237222188,561,97,144458241,158021335,1925,1199
201910,M1,1101,335,219,247064723,559,84,125085525,175786660,1858,1197
201910,M2,1102,331,232,272979002,565,88,126847759,191492857,1837,1199
201910,M3,1145,319,211,224797688,565,89,140006528,150257007,1833,1193
201910,M4,1092,307,199,219596681,568,76,126599723,145147001,1883,1199
201910,M5,1180,360,257,298537534,576,104,168456085,209692642,1846,1198
201910,M6,1108,318,214,224872780,555,89,137581893,156159440,1821,1199
201911,M1,1231,406,298,283276767,585,118,179125296,200146587,1903,1195
201911,M2,1236,347,253,262478938,614,110,171995852,180754036,1872,1195
201911,M3,1123,306,216,214823386,577,89,149170122,144929127,1857,1197
201911,M4,1222,378,263,287980472,613,108,168270815,193188667,1902,1197
201911,M5,1138,356,230,256632752,588,89,141617398,179056361,1900,1195
201911,M6,1127,370,257,255863972,560,96,147257878,180952900,1896,1195
201912,M1,1135,342,217,235156574,585,82,124206756,157415803,1909,1198
201912,M2,1169,343,221,232382578,587,90,134070780,154162244,1910,1196
201912,M3,1255,410,288,294409607,612,108,165598263,195732056,1908,1197
201912,M4,1098,328,244,254779961,561,96,160595189,176872840,1865,1198
201912,M5,1165,331,231,223098204,574,93,134003810,156490449,1878,1199
201912,M6,1207,321,208,216285610,591,96,137693932,150723142,1891,1198
202001,M1,1145,360,245,276850944,564,101,154663221,191061460,1827,1196
202001,M2,1160,329,177,190700962,598,79,124034104,127949758,1921,1195
202001,M3,1131,319,203,208433207,581,79,116946085,143599838,1844,1197
202001,M4,1213,402,286,302374693,576,108,170710229,207268082,1875,1194
202001,M5,1200,361,275,260006382,585,114,175650453,167929219,1853,1198
202001,M6,1229,369,274,265382150,587,112,182128885,179370503,1854,1194
202002,M1,1233,386,254,271116994,602,101,152415230,186237445,1871,1197
202002,M2,1259,415,280,283090988,613,106,172093962,196564058,1919,1194
202002,M3,1174,370,256,279689830,600,99,154825236,192518024,1950,1191
202002,M4,1224,353,253,282925176,606,97,157778536,185934884,1940,1195
202002,M5,1239,383,253,275527476,610,102,154016737,177531995,1888,1198
202002,M6,1242,330,202,218480158,632,85,121110361,150462810,1871,1199
202003,M1,1110,315,222,249942769,552,88,134046079,176728544,1856,1185
202003,M2,1088,302,195,206434825,569,80,124163813,141538123,1800,1188
202003,M3,1069,351,231,256569133,547,89,135902910,167164432,1837,1177
202003,M4,1149,325,222,196640660,581,95,143335587,125835461,1848,1195
202003,M5,1192,334,218,215132629,600,91,137638875,157951902,1905,1199
202003,M6,1106,352,243,257928897,578,98,139824848,182918847,1845,1195
202004,M1,1176,366,252,264998213,582,99,134434089,176375661,1809,1199
202004,M2,1260,341,214,223186221,617,90,140846505,152214725,1895,1199
202004,M3,1189,334,236,255558448,573,92,146286369,176119810,1881,1199
202004,M4,1101,291,188,205899131,572,77,133892612,138304186,1909,1198
202004,M5,1183,360,263,286799623,589,105,159487699,200972575,1856,1195
202004,M6,1130,296,192,185512071,581,81,127341375,124863397,1887,1198
202005,M1,1217,350,241,273642073,624,95,131442189,178504388,1897,1193
202005,M2,1156,402,273,288493081,595,109,159924221,201090395,1842,1196
202005,M3,1136,356,238,278930194,552,97,149013026,192707438,1867,1199
202005,M4,1204,384,261,264643895,580,109,162764542,182737439,1862,1196
202005,M5,1237,374,264,278822369,585,110,173905879,194601046,1928,1199
202005,M6,1251,424,306,306066757,615,118,189066600,211321183,1870,1196
202006,M1,1145,346,227,230029592,581,89,145991513,159735696,1893,1199
202006,M2,1113,345,250,271797759,550,97,151196706,185276477,1851,1199
202006,M3,1125,329,219,235147195,562,90,144831500,155986907,1838,1197
202006,M4,1108,331,219,227076267,573,78,113968281,159071962,1824,1195
202006,M5,1142,357,264,278743311,540,106,158346053,195959132,1819,1197
202006,M6,1251,376,268,273971360,614,106,169867836,187468440,1942,1197
202007,M1,1164,406,296,340531048,594,114,183517171,231498810,1910,1198
202007,M2,1126,300,202,202165475,571,76,113555545,142359171,1913,1199
202007,M3,1114,318,217,219208019,557,93,140437094,149362509,1838,1198
202007,M4,1138,350,231,246143559,569,95,145477108,167703557,1862,1193
202007,M5,1190,348,243,252274508,581,95,145378001,177131481,1871,1197
202007,M6,1199,389,279,284613170,590,97,161753927,188785268,1845,1195
202008,M1,1163,339,234,277089816,582,100,147503183,186541874,1919,1199
202008,M2,1123,316,210,208679878,575,94,148606536,143187837,1830,1199
202008,M3,1161,373,248,261297442,593,94,148962984,169403538,1892,1198
202008,M4,1099,317,195,214863511,570,77,116644359,148116754,1788,1198
202008,M5,1183,338,219,211401684,593,93,137140693,134666693,1895,1193
202008,M6,1221,359,224,234189069,622,93,138377236,153543354,1905,1198
202009,M1,1155,375,251,278496706,583,93,145756025,190104415,1866,1195
202009,M2,1180,347,236,231511454,598,95,146185146,156001129,1907,1199
202009,M3,1165,348,249,267835101,588,96,147691008,183514686,1862,1199
202009,M4,1114,342,245,280600010,579,101,169962348,182667825,1844,1198
202009,M5,1070,324,205,234393841,550,81,127593220,160328577,1790,1194
202009,M6,1232,318,191,201808947,641,81,119721859,136284663,1918,1196
202010,M1,1107,327,230,247103368,539,89,151104316,166948825,1868,1199
202010,M2,1162,330,225,216774266,595,91,158398795,142872160,1907,1199
202010,M3,1227,358,227,218539390,622,92,139597634,147371629,1932,1198
202010,M4,1031,256,172,192175219,534,70,107240242,130114779,1832,1195
202010,M5,1235,398,241,266855580,619,99,156991634,176938048,1973,1195
202010,M6,1086,314,197,224604372,559,80,123600377,145018644,1841,1199
202011,M1,1214,394,270,266645579,569,105,154350968,190097331,1821,1197
202011,M2,1217,361,256,298396472,616,99,171215943,212500406,1902,1199
202011,M3,1175,326,229,259912036,590,90,129467814,176820224,1939,1194
202011,M4,1038,305,194,215381287,538,76,118238847,148240135,1841,1193
202011,M5,1182,370,269,301447805,577,108,181963126,195922929,1843,1199
202011,M6,1203,333,217,216383595,589,90,129780470,151624234,1865,1198
202012,M1,1188,347,241,242338755,600,96,157264166,167710605,1926,1198
202012,M2,1098,315,188,192327163,554,78,107483252,124634409,1791,1196
202012,M3,1214,343,230,257111317,622,89,140578992,178243046,1865,1194
202012,M4,1216,341,248,256440108,608,97,146677991,182627649,1899,1196
202012,M5,1145,382,271,283150158,554,112,180527354,178357491,1807,1196
202012,M6,1120,326,191,194880378,577,77,117217296,128963954,1873,1198
